0,1,2,3,4,5,6,7,8,9,10,11
V,,,,,,,,,,,
hV,,,,,,,,,,,
A,,,,,,,,,,,
hA,,,,,,,,,,,
Je,,,,,,,,,,,
hJe,,,,,,,,,,,
S,,,,,,,,,,,
hS,,,,,,,,,,,
C,,,,,,,,,,,
hC,,,,,,,,,,,
P,,,,,,,,,,,
hP,,,,,,,,,,,
V,hV,,,,,,,,,,
V,A,,,,,,,,,,
V,hA,,,,,,,,,,
V,Je,,,,,,,,,,
V,hJe,,,,,,,,,,
V,S,,,,,,,,,,
V,hS,,,,,,,,,,
V,C,,,,,,,,,,
V,hC,,,,,,,,,,
V,P,,,,,,,,,,
V,hP,,,,,,,,,,
hV,A,,,,,,,,,,
hV,hA,,,,,,,,,,
hV,Je,,,,,,,,,,
hV,hJe,,,,,,,,,,
hV,S,,,,,,,,,,
hV,hS,,,,,,,,,,
hV,C,,,,,,,,,,
hV,hC,,,,,,,,,,
hV,P,,,,,,,,,,
hV,hP,,,,,,,,,,
A,hA,,,,,,,,,,
A,Je,,,,,,,,,,
A,hJe,,,,,,,,,,
A,S,,,,,,,,,,
A,hS,,,,,,,,,,
A,C,,,,,,,,,,
A,hC,,,,,,,,,,
A,P,,,,,,,,,,
A,hP,,,,,,,,,,
hA,Je,,,,,,,,,,
hA,hJe,,,,,,,,,,
hA,S,,,,,,,,,,
hA,hS,,,,,,,,,,
hA,C,,,,,,,,,,
hA,hC,,,,,,,,,,
hA,P,,,,,,,,,,
hA,hP,,,,,,,,,,
Je,hJe,,,,,,,,,,
Je,S,,,,,,,,,,
Je,hS,,,,,,,,,,
Je,C,,,,,,,,,,
Je,hC,,,,,,,,,,
Je,P,,,,,,,,,,
Je,hP,,,,,,,,,,
hJe,S,,,,,,,,,,
hJe,hS,,,,,,,,,,
hJe,C,,,,,,,,,,
hJe,hC,,,,,,,,,,
hJe,P,,,,,,,,,,
hJe,hP,,,,,,,,,,
S,hS,,,,,,,,,,
S,C,,,,,,,,,,
S,hC,,,,,,,,,,
S,P,,,,,,,,,,
S,hP,,,,,,,,,,
hS,C,,,,,,,,,,
hS,hC,,,,,,,,,,
hS,P,,,,,,,,,,
hS,hP,,,,,,,,,,
C,hC,,,,,,,,,,
C,P,,,,,,,,,,
C,hP,,,,,,,,,,
hC,P,,,,,,,,,,
hC,hP,,,,,,,,,,
P,hP,,,,,,,,,,
V,hV,A,,,,,,,,,
V,hV,hA,,,,,,,,,
V,hV,Je,,,,,,,,,
V,hV,hJe,,,,,,,,,
V,hV,S,,,,,,,,,
V,hV,hS,,,,,,,,,
V,hV,C,,,,,,,,,
V,hV,hC,,,,,,,,,
V,hV,P,,,,,,,,,
V,hV,hP,,,,,,,,,
V,A,hA,,,,,,,,,
V,A,Je,,,,,,,,,
V,A,hJe,,,,,,,,,
V,A,S,,,,,,,,,
V,A,hS,,,,,,,,,
V,A,C,,,,,,,,,
V,A,hC,,,,,,,,,
V,A,P,,,,,,,,,
V,A,hP,,,,,,,,,
V,hA,Je,,,,,,,,,
V,hA,hJe,,,,,,,,,
V,hA,S,,,,,,,,,
V,hA,hS,,,,,,,,,
V,hA,C,,,,,,,,,
V,hA,hC,,,,,,,,,
V,hA,P,,,,,,,,,
V,hA,hP,,,,,,,,,
V,Je,hJe,,,,,,,,,
V,Je,S,,,,,,,,,
V,Je,hS,,,,,,,,,
V,Je,C,,,,,,,,,
V,Je,hC,,,,,,,,,
V,Je,P,,,,,,,,,
V,Je,hP,,,,,,,,,
V,hJe,S,,,,,,,,,
V,hJe,hS,,,,,,,,,
V,hJe,C,,,,,,,,,
V,hJe,hC,,,,,,,,,
V,hJe,P,,,,,,,,,
V,hJe,hP,,,,,,,,,
V,S,hS,,,,,,,,,
V,S,C,,,,,,,,,
V,S,hC,,,,,,,,,
V,S,P,,,,,,,,,
V,S,hP,,,,,,,,,
V,hS,C,,,,,,,,,
V,hS,hC,,,,,,,,,
V,hS,P,,,,,,,,,
V,hS,hP,,,,,,,,,
V,C,hC,,,,,,,,,
V,C,P,,,,,,,,,
V,C,hP,,,,,,,,,
V,hC,P,,,,,,,,,
V,hC,hP,,,,,,,,,
V,P,hP,,,,,,,,,
hV,A,hA,,,,,,,,,
hV,A,Je,,,,,,,,,
hV,A,hJe,,,,,,,,,
hV,A,S,,,,,,,,,
hV,A,hS,,,,,,,,,
hV,A,C,,,,,,,,,
hV,A,hC,,,,,,,,,
hV,A,P,,,,,,,,,
hV,A,hP,,,,,,,,,
hV,hA,Je,,,,,,,,,
hV,hA,hJe,,,,,,,,,
hV,hA,S,,,,,,,,,
hV,hA,hS,,,,,,,,,
hV,hA,C,,,,,,,,,
hV,hA,hC,,,,,,,,,
hV,hA,P,,,,,,,,,
hV,hA,hP,,,,,,,,,
hV,Je,hJe,,,,,,,,,
hV,Je,S,,,,,,,,,
hV,Je,hS,,,,,,,,,
hV,Je,C,,,,,,,,,
hV,Je,hC,,,,,,,,,
hV,Je,P,,,,,,,,,
hV,Je,hP,,,,,,,,,
hV,hJe,S,,,,,,,,,
hV,hJe,hS,,,,,,,,,
hV,hJe,C,,,,,,,,,
hV,hJe,hC,,,,,,,,,
hV,hJe,P,,,,,,,,,
hV,hJe,hP,,,,,,,,,
hV,S,hS,,,,,,,,,
hV,S,C,,,,,,,,,
hV,S,hC,,,,,,,,,
hV,S,P,,,,,,,,,
hV,S,hP,,,,,,,,,
hV,hS,C,,,,,,,,,
hV,hS,hC,,,,,,,,,
hV,hS,P,,,,,,,,,
hV,hS,hP,,,,,,,,,
hV,C,hC,,,,,,,,,
hV,C,P,,,,,,,,,
hV,C,hP,,,,,,,,,
hV,hC,P,,,,,,,,,
hV,hC,hP,,,,,,,,,
hV,P,hP,,,,,,,,,
A,hA,Je,,,,,,,,,
A,hA,hJe,,,,,,,,,
A,hA,S,,,,,,,,,
A,hA,hS,,,,,,,,,
A,hA,C,,,,,,,,,
A,hA,hC,,,,,,,,,
A,hA,P,,,,,,,,,
A,hA,hP,,,,,,,,,
A,Je,hJe,,,,,,,,,
A,Je,S,,,,,,,,,
A,Je,hS,,,,,,,,,
A,Je,C,,,,,,,,,
A,Je,hC,,,,,,,,,
A,Je,P,,,,,,,,,
A,Je,hP,,,,,,,,,
A,hJe,S,,,,,,,,,
A,hJe,hS,,,,,,,,,
A,hJe,C,,,,,,,,,
A,hJe,hC,,,,,,,,,
A,hJe,P,,,,,,,,,
A,hJe,hP,,,,,,,,,
A,S,hS,,,,,,,,,
A,S,C,,,,,,,,,
A,S,hC,,,,,,,,,
A,S,P,,,,,,,,,
A,S,hP,,,,,,,,,
A,hS,C,,,,,,,,,
A,hS,hC,,,,,,,,,
A,hS,P,,,,,,,,,
A,hS,hP,,,,,,,,,
A,C,hC,,,,,,,,,
A,C,P,,,,,,,,,
A,C,hP,,,,,,,,,
A,hC,P,,,,,,,,,
A,hC,hP,,,,,,,,,
A,P,hP,,,,,,,,,
hA,Je,hJe,,,,,,,,,
hA,Je,S,,,,,,,,,
hA,Je,hS,,,,,,,,,
hA,Je,C,,,,,,,,,
hA,Je,hC,,,,,,,,,
hA,Je,P,,,,,,,,,
hA,Je,hP,,,,,,,,,
hA,hJe,S,,,,,,,,,
hA,hJe,hS,,,,,,,,,
hA,hJe,C,,,,,,,,,
hA,hJe,hC,,,,,,,,,
hA,hJe,P,,,,,,,,,
hA,hJe,hP,,,,,,,,,
hA,S,hS,,,,,,,,,
hA,S,C,,,,,,,,,
hA,S,hC,,,,,,,,,
hA,S,P,,,,,,,,,
hA,S,hP,,,,,,,,,
hA,hS,C,,,,,,,,,
hA,hS,hC,,,,,,,,,
hA,hS,P,,,,,,,,,
hA,hS,hP,,,,,,,,,
hA,C,hC,,,,,,,,,
hA,C,P,,,,,,,,,
hA,C,hP,,,,,,,,,
hA,hC,P,,,,,,,,,
hA,hC,hP,,,,,,,,,
hA,P,hP,,,,,,,,,
Je,hJe,S,,,,,,,,,
Je,hJe,hS,,,,,,,,,
Je,hJe,C,,,,,,,,,
Je,hJe,hC,,,,,,,,,
Je,hJe,P,,,,,,,,,
Je,hJe,hP,,,,,,,,,
Je,S,hS,,,,,,,,,
Je,S,C,,,,,,,,,
Je,S,hC,,,,,,,,,
Je,S,P,,,,,,,,,
Je,S,hP,,,,,,,,,
Je,hS,C,,,,,,,,,
Je,hS,hC,,,,,,,,,
Je,hS,P,,,,,,,,,
Je,hS,hP,,,,,,,,,
Je,C,hC,,,,,,,,,
Je,C,P,,,,,,,,,
Je,C,hP,,,,,,,,,
Je,hC,P,,,,,,,,,
Je,hC,hP,,,,,,,,,
Je,P,hP,,,,,,,,,
hJe,S,hS,,,,,,,,,
hJe,S,C,,,,,,,,,
hJe,S,hC,,,,,,,,,
hJe,S,P,,,,,,,,,
hJe,S,hP,,,,,,,,,
hJe,hS,C,,,,,,,,,
hJe,hS,hC,,,,,,,,,
hJe,hS,P,,,,,,,,,
hJe,hS,hP,,,,,,,,,
hJe,C,hC,,,,,,,,,
hJe,C,P,,,,,,,,,
hJe,C,hP,,,,,,,,,
hJe,hC,P,,,,,,,,,
hJe,hC,hP,,,,,,,,,
hJe,P,hP,,,,,,,,,
S,hS,C,,,,,,,,,
S,hS,hC,,,,,,,,,
S,hS,P,,,,,,,,,
S,hS,hP,,,,,,,,,
S,C,hC,,,,,,,,,
S,C,P,,,,,,,,,
S,C,hP,,,,,,,,,
S,hC,P,,,,,,,,,
S,hC,hP,,,,,,,,,
S,P,hP,,,,,,,,,
hS,C,hC,,,,,,,,,
hS,C,P,,,,,,,,,
hS,C,hP,,,,,,,,,
hS,hC,P,,,,,,,,,
hS,hC,hP,,,,,,,,,
hS,P,hP,,,,,,,,,
C,hC,P,,,,,,,,,
C,hC,hP,,,,,,,,,
C,P,hP,,,,,,,,,
hC,P,hP,,,,,,,,,
V,hV,A,hA,,,,,,,,
V,hV,A,Je,,,,,,,,
V,hV,A,hJe,,,,,,,,
V,hV,A,S,,,,,,,,
V,hV,A,hS,,,,,,,,
V,hV,A,C,,,,,,,,
V,hV,A,hC,,,,,,,,
V,hV,A,P,,,,,,,,
V,hV,A,hP,,,,,,,,
V,hV,hA,Je,,,,,,,,
V,hV,hA,hJe,,,,,,,,
V,hV,hA,S,,,,,,,,
V,hV,hA,hS,,,,,,,,
V,hV,hA,C,,,,,,,,
V,hV,hA,hC,,,,,,,,
V,hV,hA,P,,,,,,,,
V,hV,hA,hP,,,,,,,,
V,hV,Je,hJe,,,,,,,,
V,hV,Je,S,,,,,,,,
V,hV,Je,hS,,,,,,,,
V,hV,Je,C,,,,,,,,
V,hV,Je,hC,,,,,,,,
V,hV,Je,P,,,,,,,,
V,hV,Je,hP,,,,,,,,
V,hV,hJe,S,,,,,,,,
V,hV,hJe,hS,,,,,,,,
V,hV,hJe,C,,,,,,,,
V,hV,hJe,hC,,,,,,,,
V,hV,hJe,P,,,,,,,,
V,hV,hJe,hP,,,,,,,,
V,hV,S,hS,,,,,,,,
V,hV,S,C,,,,,,,,
V,hV,S,hC,,,,,,,,
V,hV,S,P,,,,,,,,
V,hV,S,hP,,,,,,,,
V,hV,hS,C,,,,,,,,
V,hV,hS,hC,,,,,,,,
V,hV,hS,P,,,,,,,,
V,hV,hS,hP,,,,,,,,
V,hV,C,hC,,,,,,,,
V,hV,C,P,,,,,,,,
V,hV,C,hP,,,,,,,,
V,hV,hC,P,,,,,,,,
V,hV,hC,hP,,,,,,,,
V,hV,P,hP,,,,,,,,
V,A,hA,Je,,,,,,,,
V,A,hA,hJe,,,,,,,,
V,A,hA,S,,,,,,,,
V,A,hA,hS,,,,,,,,
V,A,hA,C,,,,,,,,
V,A,hA,hC,,,,,,,,
V,A,hA,P,,,,,,,,
V,A,hA,hP,,,,,,,,
V,A,Je,hJe,,,,,,,,
V,A,Je,S,,,,,,,,
V,A,Je,hS,,,,,,,,
V,A,Je,C,,,,,,,,
V,A,Je,hC,,,,,,,,
V,A,Je,P,,,,,,,,
V,A,Je,hP,,,,,,,,
V,A,hJe,S,,,,,,,,
V,A,hJe,hS,,,,,,,,
V,A,hJe,C,,,,,,,,
V,A,hJe,hC,,,,,,,,
V,A,hJe,P,,,,,,,,
V,A,hJe,hP,,,,,,,,
V,A,S,hS,,,,,,,,
V,A,S,C,,,,,,,,
V,A,S,hC,,,,,,,,
V,A,S,P,,,,,,,,
V,A,S,hP,,,,,,,,
V,A,hS,C,,,,,,,,
V,A,hS,hC,,,,,,,,
V,A,hS,P,,,,,,,,
V,A,hS,hP,,,,,,,,
V,A,C,hC,,,,,,,,
V,A,C,P,,,,,,,,
V,A,C,hP,,,,,,,,
V,A,hC,P,,,,,,,,
V,A,hC,hP,,,,,,,,
V,A,P,hP,,,,,,,,
V,hA,Je,hJe,,,,,,,,
V,hA,Je,S,,,,,,,,
V,hA,Je,hS,,,,,,,,
V,hA,Je,C,,,,,,,,
V,hA,Je,hC,,,,,,,,
V,hA,Je,P,,,,,,,,
V,hA,Je,hP,,,,,,,,
V,hA,hJe,S,,,,,,,,
V,hA,hJe,hS,,,,,,,,
V,hA,hJe,C,,,,,,,,
V,hA,hJe,hC,,,,,,,,
V,hA,hJe,P,,,,,,,,
V,hA,hJe,hP,,,,,,,,
V,hA,S,hS,,,,,,,,
V,hA,S,C,,,,,,,,
V,hA,S,hC,,,,,,,,
V,hA,S,P,,,,,,,,
V,hA,S,hP,,,,,,,,
V,hA,hS,C,,,,,,,,
V,hA,hS,hC,,,,,,,,
V,hA,hS,P,,,,,,,,
V,hA,hS,hP,,,,,,,,
V,hA,C,hC,,,,,,,,
V,hA,C,P,,,,,,,,
V,hA,C,hP,,,,,,,,
V,hA,hC,P,,,,,,,,
V,hA,hC,hP,,,,,,,,
V,hA,P,hP,,,,,,,,
V,Je,hJe,S,,,,,,,,
V,Je,hJe,hS,,,,,,,,
V,Je,hJe,C,,,,,,,,
V,Je,hJe,hC,,,,,,,,
V,Je,hJe,P,,,,,,,,
V,Je,hJe,hP,,,,,,,,
V,Je,S,hS,,,,,,,,
V,Je,S,C,,,,,,,,
V,Je,S,hC,,,,,,,,
V,Je,S,P,,,,,,,,
V,Je,S,hP,,,,,,,,
V,Je,hS,C,,,,,,,,
V,Je,hS,hC,,,,,,,,
V,Je,hS,P,,,,,,,,
V,Je,hS,hP,,,,,,,,
V,Je,C,hC,,,,,,,,
V,Je,C,P,,,,,,,,
V,Je,C,hP,,,,,,,,
V,Je,hC,P,,,,,,,,
V,Je,hC,hP,,,,,,,,
V,Je,P,hP,,,,,,,,
V,hJe,S,hS,,,,,,,,
V,hJe,S,C,,,,,,,,
V,hJe,S,hC,,,,,,,,
V,hJe,S,P,,,,,,,,
V,hJe,S,hP,,,,,,,,
V,hJe,hS,C,,,,,,,,
V,hJe,hS,hC,,,,,,,,
V,hJe,hS,P,,,,,,,,
V,hJe,hS,hP,,,,,,,,
V,hJe,C,hC,,,,,,,,
V,hJe,C,P,,,,,,,,
V,hJe,C,hP,,,,,,,,
V,hJe,hC,P,,,,,,,,
V,hJe,hC,hP,,,,,,,,
V,hJe,P,hP,,,,,,,,
V,S,hS,C,,,,,,,,
V,S,hS,hC,,,,,,,,
V,S,hS,P,,,,,,,,
V,S,hS,hP,,,,,,,,
V,S,C,hC,,,,,,,,
V,S,C,P,,,,,,,,
V,S,C,hP,,,,,,,,
V,S,hC,P,,,,,,,,
V,S,hC,hP,,,,,,,,
V,S,P,hP,,,,,,,,
V,hS,C,hC,,,,,,,,
V,hS,C,P,,,,,,,,
V,hS,C,hP,,,,,,,,
V,hS,hC,P,,,,,,,,
V,hS,hC,hP,,,,,,,,
V,hS,P,hP,,,,,,,,
V,C,hC,P,,,,,,,,
V,C,hC,hP,,,,,,,,
V,C,P,hP,,,,,,,,
V,hC,P,hP,,,,,,,,
hV,A,hA,Je,,,,,,,,
hV,A,hA,hJe,,,,,,,,
hV,A,hA,S,,,,,,,,
hV,A,hA,hS,,,,,,,,
hV,A,hA,C,,,,,,,,
hV,A,hA,hC,,,,,,,,
hV,A,hA,P,,,,,,,,
hV,A,hA,hP,,,,,,,,
hV,A,Je,hJe,,,,,,,,
hV,A,Je,S,,,,,,,,
hV,A,Je,hS,,,,,,,,
hV,A,Je,C,,,,,,,,
hV,A,Je,hC,,,,,,,,
hV,A,Je,P,,,,,,,,
hV,A,Je,hP,,,,,,,,
hV,A,hJe,S,,,,,,,,
hV,A,hJe,hS,,,,,,,,
hV,A,hJe,C,,,,,,,,
hV,A,hJe,hC,,,,,,,,
hV,A,hJe,P,,,,,,,,
hV,A,hJe,hP,,,,,,,,
hV,A,S,hS,,,,,,,,
hV,A,S,C,,,,,,,,
hV,A,S,hC,,,,,,,,
hV,A,S,P,,,,,,,,
hV,A,S,hP,,,,,,,,
hV,A,hS,C,,,,,,,,
hV,A,hS,hC,,,,,,,,
hV,A,hS,P,,,,,,,,
hV,A,hS,hP,,,,,,,,
hV,A,C,hC,,,,,,,,
hV,A,C,P,,,,,,,,
hV,A,C,hP,,,,,,,,
hV,A,hC,P,,,,,,,,
hV,A,hC,hP,,,,,,,,
hV,A,P,hP,,,,,,,,
hV,hA,Je,hJe,,,,,,,,
hV,hA,Je,S,,,,,,,,
hV,hA,Je,hS,,,,,,,,
hV,hA,Je,C,,,,,,,,
hV,hA,Je,hC,,,,,,,,
hV,hA,Je,P,,,,,,,,
hV,hA,Je,hP,,,,,,,,
hV,hA,hJe,S,,,,,,,,
hV,hA,hJe,hS,,,,,,,,
hV,hA,hJe,C,,,,,,,,
hV,hA,hJe,hC,,,,,,,,
hV,hA,hJe,P,,,,,,,,
hV,hA,hJe,hP,,,,,,,,
hV,hA,S,hS,,,,,,,,
hV,hA,S,C,,,,,,,,
hV,hA,S,hC,,,,,,,,
hV,hA,S,P,,,,,,,,
hV,hA,S,hP,,,,,,,,
hV,hA,hS,C,,,,,,,,
hV,hA,hS,hC,,,,,,,,
hV,hA,hS,P,,,,,,,,
hV,hA,hS,hP,,,,,,,,
hV,hA,C,hC,,,,,,,,
hV,hA,C,P,,,,,,,,
hV,hA,C,hP,,,,,,,,
hV,hA,hC,P,,,,,,,,
hV,hA,hC,hP,,,,,,,,
hV,hA,P,hP,,,,,,,,
hV,Je,hJe,S,,,,,,,,
hV,Je,hJe,hS,,,,,,,,
hV,Je,hJe,C,,,,,,,,
hV,Je,hJe,hC,,,,,,,,
hV,Je,hJe,P,,,,,,,,
hV,Je,hJe,hP,,,,,,,,
hV,Je,S,hS,,,,,,,,
hV,Je,S,C,,,,,,,,
hV,Je,S,hC,,,,,,,,
hV,Je,S,P,,,,,,,,
hV,Je,S,hP,,,,,,,,
hV,Je,hS,C,,,,,,,,
hV,Je,hS,hC,,,,,,,,
hV,Je,hS,P,,,,,,,,
hV,Je,hS,hP,,,,,,,,
hV,Je,C,hC,,,,,,,,
hV,Je,C,P,,,,,,,,
hV,Je,C,hP,,,,,,,,
hV,Je,hC,P,,,,,,,,
hV,Je,hC,hP,,,,,,,,
hV,Je,P,hP,,,,,,,,
hV,hJe,S,hS,,,,,,,,
hV,hJe,S,C,,,,,,,,
hV,hJe,S,hC,,,,,,,,
hV,hJe,S,P,,,,,,,,
hV,hJe,S,hP,,,,,,,,
hV,hJe,hS,C,,,,,,,,
hV,hJe,hS,hC,,,,,,,,
hV,hJe,hS,P,,,,,,,,
hV,hJe,hS,hP,,,,,,,,
hV,hJe,C,hC,,,,,,,,
hV,hJe,C,P,,,,,,,,
hV,hJe,C,hP,,,,,,,,
hV,hJe,hC,P,,,,,,,,
hV,hJe,hC,hP,,,,,,,,
hV,hJe,P,hP,,,,,,,,
hV,S,hS,C,,,,,,,,
hV,S,hS,hC,,,,,,,,
hV,S,hS,P,,,,,,,,
hV,S,hS,hP,,,,,,,,
hV,S,C,hC,,,,,,,,
hV,S,C,P,,,,,,,,
hV,S,C,hP,,,,,,,,
hV,S,hC,P,,,,,,,,
hV,S,hC,hP,,,,,,,,
hV,S,P,hP,,,,,,,,
hV,hS,C,hC,,,,,,,,
hV,hS,C,P,,,,,,,,
hV,hS,C,hP,,,,,,,,
hV,hS,hC,P,,,,,,,,
hV,hS,hC,hP,,,,,,,,
hV,hS,P,hP,,,,,,,,
hV,C,hC,P,,,,,,,,
hV,C,hC,hP,,,,,,,,
hV,C,P,hP,,,,,,,,
hV,hC,P,hP,,,,,,,,
A,hA,Je,hJe,,,,,,,,
A,hA,Je,S,,,,,,,,
A,hA,Je,hS,,,,,,,,
A,hA,Je,C,,,,,,,,
A,hA,Je,hC,,,,,,,,
A,hA,Je,P,,,,,,,,
A,hA,Je,hP,,,,,,,,
A,hA,hJe,S,,,,,,,,
A,hA,hJe,hS,,,,,,,,
A,hA,hJe,C,,,,,,,,
A,hA,hJe,hC,,,,,,,,
A,hA,hJe,P,,,,,,,,
A,hA,hJe,hP,,,,,,,,
A,hA,S,hS,,,,,,,,
A,hA,S,C,,,,,,,,
A,hA,S,hC,,,,,,,,
A,hA,S,P,,,,,,,,
A,hA,S,hP,,,,,,,,
A,hA,hS,C,,,,,,,,
A,hA,hS,hC,,,,,,,,
A,hA,hS,P,,,,,,,,
A,hA,hS,hP,,,,,,,,
A,hA,C,hC,,,,,,,,
A,hA,C,P,,,,,,,,
A,hA,C,hP,,,,,,,,
A,hA,hC,P,,,,,,,,
A,hA,hC,hP,,,,,,,,
A,hA,P,hP,,,,,,,,
A,Je,hJe,S,,,,,,,,
A,Je,hJe,hS,,,,,,,,
A,Je,hJe,C,,,,,,,,
A,Je,hJe,hC,,,,,,,,
A,Je,hJe,P,,,,,,,,
A,Je,hJe,hP,,,,,,,,
A,Je,S,hS,,,,,,,,
A,Je,S,C,,,,,,,,
A,Je,S,hC,,,,,,,,
A,Je,S,P,,,,,,,,
A,Je,S,hP,,,,,,,,
A,Je,hS,C,,,,,,,,
A,Je,hS,hC,,,,,,,,
A,Je,hS,P,,,,,,,,
A,Je,hS,hP,,,,,,,,
A,Je,C,hC,,,,,,,,
A,Je,C,P,,,,,,,,
A,Je,C,hP,,,,,,,,
A,Je,hC,P,,,,,,,,
A,Je,hC,hP,,,,,,,,
A,Je,P,hP,,,,,,,,
A,hJe,S,hS,,,,,,,,
A,hJe,S,C,,,,,,,,
A,hJe,S,hC,,,,,,,,
A,hJe,S,P,,,,,,,,
A,hJe,S,hP,,,,,,,,
A,hJe,hS,C,,,,,,,,
A,hJe,hS,hC,,,,,,,,
A,hJe,hS,P,,,,,,,,
A,hJe,hS,hP,,,,,,,,
A,hJe,C,hC,,,,,,,,
A,hJe,C,P,,,,,,,,
A,hJe,C,hP,,,,,,,,
A,hJe,hC,P,,,,,,,,
A,hJe,hC,hP,,,,,,,,
A,hJe,P,hP,,,,,,,,
A,S,hS,C,,,,,,,,
A,S,hS,hC,,,,,,,,
A,S,hS,P,,,,,,,,
A,S,hS,hP,,,,,,,,
A,S,C,hC,,,,,,,,
A,S,C,P,,,,,,,,
A,S,C,hP,,,,,,,,
A,S,hC,P,,,,,,,,
A,S,hC,hP,,,,,,,,
A,S,P,hP,,,,,,,,
A,hS,C,hC,,,,,,,,
A,hS,C,P,,,,,,,,
A,hS,C,hP,,,,,,,,
A,hS,hC,P,,,,,,,,
A,hS,hC,hP,,,,,,,,
A,hS,P,hP,,,,,,,,
A,C,hC,P,,,,,,,,
A,C,hC,hP,,,,,,,,
A,C,P,hP,,,,,,,,
A,hC,P,hP,,,,,,,,
hA,Je,hJe,S,,,,,,,,
hA,Je,hJe,hS,,,,,,,,
hA,Je,hJe,C,,,,,,,,
hA,Je,hJe,hC,,,,,,,,
hA,Je,hJe,P,,,,,,,,
hA,Je,hJe,hP,,,,,,,,
hA,Je,S,hS,,,,,,,,
hA,Je,S,C,,,,,,,,
hA,Je,S,hC,,,,,,,,
hA,Je,S,P,,,,,,,,
hA,Je,S,hP,,,,,,,,
hA,Je,hS,C,,,,,,,,
hA,Je,hS,hC,,,,,,,,
hA,Je,hS,P,,,,,,,,
hA,Je,hS,hP,,,,,,,,
hA,Je,C,hC,,,,,,,,
hA,Je,C,P,,,,,,,,
hA,Je,C,hP,,,,,,,,
hA,Je,hC,P,,,,,,,,
hA,Je,hC,hP,,,,,,,,
hA,Je,P,hP,,,,,,,,
hA,hJe,S,hS,,,,,,,,
hA,hJe,S,C,,,,,,,,
hA,hJe,S,hC,,,,,,,,
hA,hJe,S,P,,,,,,,,
hA,hJe,S,hP,,,,,,,,
hA,hJe,hS,C,,,,,,,,
hA,hJe,hS,hC,,,,,,,,
hA,hJe,hS,P,,,,,,,,
hA,hJe,hS,hP,,,,,,,,
hA,hJe,C,hC,,,,,,,,
hA,hJe,C,P,,,,,,,,
hA,hJe,C,hP,,,,,,,,
hA,hJe,hC,P,,,,,,,,
hA,hJe,hC,hP,,,,,,,,
hA,hJe,P,hP,,,,,,,,
hA,S,hS,C,,,,,,,,
hA,S,hS,hC,,,,,,,,
hA,S,hS,P,,,,,,,,
hA,S,hS,hP,,,,,,,,
hA,S,C,hC,,,,,,,,
hA,S,C,P,,,,,,,,
hA,S,C,hP,,,,,,,,
hA,S,hC,P,,,,,,,,
hA,S,hC,hP,,,,,,,,
hA,S,P,hP,,,,,,,,
hA,hS,C,hC,,,,,,,,
hA,hS,C,P,,,,,,,,
hA,hS,C,hP,,,,,,,,
hA,hS,hC,P,,,,,,,,
hA,hS,hC,hP,,,,,,,,
hA,hS,P,hP,,,,,,,,
hA,C,hC,P,,,,,,,,
hA,C,hC,hP,,,,,,,,
hA,C,P,hP,,,,,,,,
hA,hC,P,hP,,,,,,,,
Je,hJe,S,hS,,,,,,,,
Je,hJe,S,C,,,,,,,,
Je,hJe,S,hC,,,,,,,,
Je,hJe,S,P,,,,,,,,
Je,hJe,S,hP,,,,,,,,
Je,hJe,hS,C,,,,,,,,
Je,hJe,hS,hC,,,,,,,,
Je,hJe,hS,P,,,,,,,,
Je,hJe,hS,hP,,,,,,,,
Je,hJe,C,hC,,,,,,,,
Je,hJe,C,P,,,,,,,,
Je,hJe,C,hP,,,,,,,,
Je,hJe,hC,P,,,,,,,,
Je,hJe,hC,hP,,,,,,,,
Je,hJe,P,hP,,,,,,,,
Je,S,hS,C,,,,,,,,
Je,S,hS,hC,,,,,,,,
Je,S,hS,P,,,,,,,,
Je,S,hS,hP,,,,,,,,
Je,S,C,hC,,,,,,,,
Je,S,C,P,,,,,,,,
Je,S,C,hP,,,,,,,,
Je,S,hC,P,,,,,,,,
Je,S,hC,hP,,,,,,,,
Je,S,P,hP,,,,,,,,
Je,hS,C,hC,,,,,,,,
Je,hS,C,P,,,,,,,,
Je,hS,C,hP,,,,,,,,
Je,hS,hC,P,,,,,,,,
Je,hS,hC,hP,,,,,,,,
Je,hS,P,hP,,,,,,,,
Je,C,hC,P,,,,,,,,
Je,C,hC,hP,,,,,,,,
Je,C,P,hP,,,,,,,,
Je,hC,P,hP,,,,,,,,
hJe,S,hS,C,,,,,,,,
hJe,S,hS,hC,,,,,,,,
hJe,S,hS,P,,,,,,,,
hJe,S,hS,hP,,,,,,,,
hJe,S,C,hC,,,,,,,,
hJe,S,C,P,,,,,,,,
hJe,S,C,hP,,,,,,,,
hJe,S,hC,P,,,,,,,,
hJe,S,hC,hP,,,,,,,,
hJe,S,P,hP,,,,,,,,
hJe,hS,C,hC,,,,,,,,
hJe,hS,C,P,,,,,,,,
hJe,hS,C,hP,,,,,,,,
hJe,hS,hC,P,,,,,,,,
hJe,hS,hC,hP,,,,,,,,
hJe,hS,P,hP,,,,,,,,
hJe,C,hC,P,,,,,,,,
hJe,C,hC,hP,,,,,,,,
hJe,C,P,hP,,,,,,,,
hJe,hC,P,hP,,,,,,,,
S,hS,C,hC,,,,,,,,
S,hS,C,P,,,,,,,,
S,hS,C,hP,,,,,,,,
S,hS,hC,P,,,,,,,,
S,hS,hC,hP,,,,,,,,
S,hS,P,hP,,,,,,,,
S,C,hC,P,,,,,,,,
S,C,hC,hP,,,,,,,,
S,C,P,hP,,,,,,,,
S,hC,P,hP,,,,,,,,
hS,C,hC,P,,,,,,,,
hS,C,hC,hP,,,,,,,,
hS,C,P,hP,,,,,,,,
hS,hC,P,hP,,,,,,,,
C,hC,P,hP,,,,,,,,
V,hV,A,hA,Je,,,,,,,
V,hV,A,hA,hJe,,,,,,,
V,hV,A,hA,S,,,,,,,
V,hV,A,hA,hS,,,,,,,
V,hV,A,hA,C,,,,,,,
V,hV,A,hA,hC,,,,,,,
V,hV,A,hA,P,,,,,,,
V,hV,A,hA,hP,,,,,,,
V,hV,A,Je,hJe,,,,,,,
V,hV,A,Je,S,,,,,,,
V,hV,A,Je,hS,,,,,,,
V,hV,A,Je,C,,,,,,,
V,hV,A,Je,hC,,,,,,,
V,hV,A,Je,P,,,,,,,
V,hV,A,Je,hP,,,,,,,
V,hV,A,hJe,S,,,,,,,
V,hV,A,hJe,hS,,,,,,,
V,hV,A,hJe,C,,,,,,,
V,hV,A,hJe,hC,,,,,,,
V,hV,A,hJe,P,,,,,,,
V,hV,A,hJe,hP,,,,,,,
V,hV,A,S,hS,,,,,,,
V,hV,A,S,C,,,,,,,
V,hV,A,S,hC,,,,,,,
V,hV,A,S,P,,,,,,,
V,hV,A,S,hP,,,,,,,
V,hV,A,hS,C,,,,,,,
V,hV,A,hS,hC,,,,,,,
V,hV,A,hS,P,,,,,,,
V,hV,A,hS,hP,,,,,,,
V,hV,A,C,hC,,,,,,,
V,hV,A,C,P,,,,,,,
V,hV,A,C,hP,,,,,,,
V,hV,A,hC,P,,,,,,,
V,hV,A,hC,hP,,,,,,,
V,hV,A,P,hP,,,,,,,
V,hV,hA,Je,hJe,,,,,,,
V,hV,hA,Je,S,,,,,,,
V,hV,hA,Je,hS,,,,,,,
V,hV,hA,Je,C,,,,,,,
V,hV,hA,Je,hC,,,,,,,
V,hV,hA,Je,P,,,,,,,
V,hV,hA,Je,hP,,,,,,,
V,hV,hA,hJe,S,,,,,,,
V,hV,hA,hJe,hS,,,,,,,
V,hV,hA,hJe,C,,,,,,,
V,hV,hA,hJe,hC,,,,,,,
V,hV,hA,hJe,P,,,,,,,
V,hV,hA,hJe,hP,,,,,,,
V,hV,hA,S,hS,,,,,,,
V,hV,hA,S,C,,,,,,,
V,hV,hA,S,hC,,,,,,,
V,hV,hA,S,P,,,,,,,
V,hV,hA,S,hP,,,,,,,
V,hV,hA,hS,C,,,,,,,
V,hV,hA,hS,hC,,,,,,,
V,hV,hA,hS,P,,,,,,,
V,hV,hA,hS,hP,,,,,,,
V,hV,hA,C,hC,,,,,,,
V,hV,hA,C,P,,,,,,,
V,hV,hA,C,hP,,,,,,,
V,hV,hA,hC,P,,,,,,,
V,hV,hA,hC,hP,,,,,,,
V,hV,hA,P,hP,,,,,,,
V,hV,Je,hJe,S,,,,,,,
V,hV,Je,hJe,hS,,,,,,,
V,hV,Je,hJe,C,,,,,,,
V,hV,Je,hJe,hC,,,,,,,
V,hV,Je,hJe,P,,,,,,,
V,hV,Je,hJe,hP,,,,,,,
V,hV,Je,S,hS,,,,,,,
V,hV,Je,S,C,,,,,,,
V,hV,Je,S,hC,,,,,,,
V,hV,Je,S,P,,,,,,,
V,hV,Je,S,hP,,,,,,,
V,hV,Je,hS,C,,,,,,,
V,hV,Je,hS,hC,,,,,,,
V,hV,Je,hS,P,,,,,,,
V,hV,Je,hS,hP,,,,,,,
V,hV,Je,C,hC,,,,,,,
V,hV,Je,C,P,,,,,,,
V,hV,Je,C,hP,,,,,,,
V,hV,Je,hC,P,,,,,,,
V,hV,Je,hC,hP,,,,,,,
V,hV,Je,P,hP,,,,,,,
V,hV,hJe,S,hS,,,,,,,
V,hV,hJe,S,C,,,,,,,
V,hV,hJe,S,hC,,,,,,,
V,hV,hJe,S,P,,,,,,,
V,hV,hJe,S,hP,,,,,,,
V,hV,hJe,hS,C,,,,,,,
V,hV,hJe,hS,hC,,,,,,,
V,hV,hJe,hS,P,,,,,,,
V,hV,hJe,hS,hP,,,,,,,
V,hV,hJe,C,hC,,,,,,,
V,hV,hJe,C,P,,,,,,,
V,hV,hJe,C,hP,,,,,,,
V,hV,hJe,hC,P,,,,,,,
V,hV,hJe,hC,hP,,,,,,,
V,hV,hJe,P,hP,,,,,,,
V,hV,S,hS,C,,,,,,,
V,hV,S,hS,hC,,,,,,,
V,hV,S,hS,P,,,,,,,
V,hV,S,hS,hP,,,,,,,
V,hV,S,C,hC,,,,,,,
V,hV,S,C,P,,,,,,,
V,hV,S,C,hP,,,,,,,
V,hV,S,hC,P,,,,,,,
V,hV,S,hC,hP,,,,,,,
V,hV,S,P,hP,,,,,,,
V,hV,hS,C,hC,,,,,,,
V,hV,hS,C,P,,,,,,,
V,hV,hS,C,hP,,,,,,,
V,hV,hS,hC,P,,,,,,,
V,hV,hS,hC,hP,,,,,,,
V,hV,hS,P,hP,,,,,,,
V,hV,C,hC,P,,,,,,,
V,hV,C,hC,hP,,,,,,,
V,hV,C,P,hP,,,,,,,
V,hV,hC,P,hP,,,,,,,
V,A,hA,Je,hJe,,,,,,,
V,A,hA,Je,S,,,,,,,
V,A,hA,Je,hS,,,,,,,
V,A,hA,Je,C,,,,,,,
V,A,hA,Je,hC,,,,,,,
V,A,hA,Je,P,,,,,,,
V,A,hA,Je,hP,,,,,,,
V,A,hA,hJe,S,,,,,,,
V,A,hA,hJe,hS,,,,,,,
V,A,hA,hJe,C,,,,,,,
V,A,hA,hJe,hC,,,,,,,
V,A,hA,hJe,P,,,,,,,
V,A,hA,hJe,hP,,,,,,,
V,A,hA,S,hS,,,,,,,
V,A,hA,S,C,,,,,,,
V,A,hA,S,hC,,,,,,,
V,A,hA,S,P,,,,,,,
V,A,hA,S,hP,,,,,,,
V,A,hA,hS,C,,,,,,,
V,A,hA,hS,hC,,,,,,,
V,A,hA,hS,P,,,,,,,
V,A,hA,hS,hP,,,,,,,
V,A,hA,C,hC,,,,,,,
V,A,hA,C,P,,,,,,,
V,A,hA,C,hP,,,,,,,
V,A,hA,hC,P,,,,,,,
V,A,hA,hC,hP,,,,,,,
V,A,hA,P,hP,,,,,,,
V,A,Je,hJe,S,,,,,,,
V,A,Je,hJe,hS,,,,,,,
V,A,Je,hJe,C,,,,,,,
V,A,Je,hJe,hC,,,,,,,
V,A,Je,hJe,P,,,,,,,
V,A,Je,hJe,hP,,,,,,,
V,A,Je,S,hS,,,,,,,
V,A,Je,S,C,,,,,,,
V,A,Je,S,hC,,,,,,,
V,A,Je,S,P,,,,,,,
V,A,Je,S,hP,,,,,,,
V,A,Je,hS,C,,,,,,,
V,A,Je,hS,hC,,,,,,,
V,A,Je,hS,P,,,,,,,
V,A,Je,hS,hP,,,,,,,
V,A,Je,C,hC,,,,,,,
V,A,Je,C,P,,,,,,,
V,A,Je,C,hP,,,,,,,
V,A,Je,hC,P,,,,,,,
V,A,Je,hC,hP,,,,,,,
V,A,Je,P,hP,,,,,,,
V,A,hJe,S,hS,,,,,,,
V,A,hJe,S,C,,,,,,,
V,A,hJe,S,hC,,,,,,,
V,A,hJe,S,P,,,,,,,
V,A,hJe,S,hP,,,,,,,
V,A,hJe,hS,C,,,,,,,
V,A,hJe,hS,hC,,,,,,,
V,A,hJe,hS,P,,,,,,,
V,A,hJe,hS,hP,,,,,,,
V,A,hJe,C,hC,,,,,,,
V,A,hJe,C,P,,,,,,,
V,A,hJe,C,hP,,,,,,,
V,A,hJe,hC,P,,,,,,,
V,A,hJe,hC,hP,,,,,,,
V,A,hJe,P,hP,,,,,,,
V,A,S,hS,C,,,,,,,
V,A,S,hS,hC,,,,,,,
V,A,S,hS,P,,,,,,,
V,A,S,hS,hP,,,,,,,
V,A,S,C,hC,,,,,,,
V,A,S,C,P,,,,,,,
V,A,S,C,hP,,,,,,,
V,A,S,hC,P,,,,,,,
V,A,S,hC,hP,,,,,,,
V,A,S,P,hP,,,,,,,
V,A,hS,C,hC,,,,,,,
V,A,hS,C,P,,,,,,,
V,A,hS,C,hP,,,,,,,
V,A,hS,hC,P,,,,,,,
V,A,hS,hC,hP,,,,,,,
V,A,hS,P,hP,,,,,,,
V,A,C,hC,P,,,,,,,
V,A,C,hC,hP,,,,,,,
V,A,C,P,hP,,,,,,,
V,A,hC,P,hP,,,,,,,
V,hA,Je,hJe,S,,,,,,,
V,hA,Je,hJe,hS,,,,,,,
V,hA,Je,hJe,C,,,,,,,
V,hA,Je,hJe,hC,,,,,,,
V,hA,Je,hJe,P,,,,,,,
V,hA,Je,hJe,hP,,,,,,,
V,hA,Je,S,hS,,,,,,,
V,hA,Je,S,C,,,,,,,
V,hA,Je,S,hC,,,,,,,
V,hA,Je,S,P,,,,,,,
V,hA,Je,S,hP,,,,,,,
V,hA,Je,hS,C,,,,,,,
V,hA,Je,hS,hC,,,,,,,
V,hA,Je,hS,P,,,,,,,
V,hA,Je,hS,hP,,,,,,,
V,hA,Je,C,hC,,,,,,,
V,hA,Je,C,P,,,,,,,
V,hA,Je,C,hP,,,,,,,
V,hA,Je,hC,P,,,,,,,
V,hA,Je,hC,hP,,,,,,,
V,hA,Je,P,hP,,,,,,,
V,hA,hJe,S,hS,,,,,,,
V,hA,hJe,S,C,,,,,,,
V,hA,hJe,S,hC,,,,,,,
V,hA,hJe,S,P,,,,,,,
V,hA,hJe,S,hP,,,,,,,
V,hA,hJe,hS,C,,,,,,,
V,hA,hJe,hS,hC,,,,,,,
V,hA,hJe,hS,P,,,,,,,
V,hA,hJe,hS,hP,,,,,,,
V,hA,hJe,C,hC,,,,,,,
V,hA,hJe,C,P,,,,,,,
V,hA,hJe,C,hP,,,,,,,
V,hA,hJe,hC,P,,,,,,,
V,hA,hJe,hC,hP,,,,,,,
V,hA,hJe,P,hP,,,,,,,
V,hA,S,hS,C,,,,,,,
V,hA,S,hS,hC,,,,,,,
V,hA,S,hS,P,,,,,,,
V,hA,S,hS,hP,,,,,,,
V,hA,S,C,hC,,,,,,,
V,hA,S,C,P,,,,,,,
V,hA,S,C,hP,,,,,,,
V,hA,S,hC,P,,,,,,,
V,hA,S,hC,hP,,,,,,,
V,hA,S,P,hP,,,,,,,
V,hA,hS,C,hC,,,,,,,
V,hA,hS,C,P,,,,,,,
V,hA,hS,C,hP,,,,,,,
V,hA,hS,hC,P,,,,,,,
V,hA,hS,hC,hP,,,,,,,
V,hA,hS,P,hP,,,,,,,
V,hA,C,hC,P,,,,,,,
V,hA,C,hC,hP,,,,,,,
V,hA,C,P,hP,,,,,,,
V,hA,hC,P,hP,,,,,,,
V,Je,hJe,S,hS,,,,,,,
V,Je,hJe,S,C,,,,,,,
V,Je,hJe,S,hC,,,,,,,
V,Je,hJe,S,P,,,,,,,
V,Je,hJe,S,hP,,,,,,,
V,Je,hJe,hS,C,,,,,,,
V,Je,hJe,hS,hC,,,,,,,
V,Je,hJe,hS,P,,,,,,,
V,Je,hJe,hS,hP,,,,,,,
V,Je,hJe,C,hC,,,,,,,
V,Je,hJe,C,P,,,,,,,
V,Je,hJe,C,hP,,,,,,,
V,Je,hJe,hC,P,,,,,,,
V,Je,hJe,hC,hP,,,,,,,
V,Je,hJe,P,hP,,,,,,,
V,Je,S,hS,C,,,,,,,
V,Je,S,hS,hC,,,,,,,
V,Je,S,hS,P,,,,,,,
V,Je,S,hS,hP,,,,,,,
V,Je,S,C,hC,,,,,,,
V,Je,S,C,P,,,,,,,
V,Je,S,C,hP,,,,,,,
V,Je,S,hC,P,,,,,,,
V,Je,S,hC,hP,,,,,,,
V,Je,S,P,hP,,,,,,,
V,Je,hS,C,hC,,,,,,,
V,Je,hS,C,P,,,,,,,
V,Je,hS,C,hP,,,,,,,
V,Je,hS,hC,P,,,,,,,
V,Je,hS,hC,hP,,,,,,,
V,Je,hS,P,hP,,,,,,,
V,Je,C,hC,P,,,,,,,
V,Je,C,hC,hP,,,,,,,
V,Je,C,P,hP,,,,,,,
V,Je,hC,P,hP,,,,,,,
V,hJe,S,hS,C,,,,,,,
V,hJe,S,hS,hC,,,,,,,
V,hJe,S,hS,P,,,,,,,
V,hJe,S,hS,hP,,,,,,,
V,hJe,S,C,hC,,,,,,,
V,hJe,S,C,P,,,,,,,
V,hJe,S,C,hP,,,,,,,
V,hJe,S,hC,P,,,,,,,
V,hJe,S,hC,hP,,,,,,,
V,hJe,S,P,hP,,,,,,,
V,hJe,hS,C,hC,,,,,,,
V,hJe,hS,C,P,,,,,,,
V,hJe,hS,C,hP,,,,,,,
V,hJe,hS,hC,P,,,,,,,
V,hJe,hS,hC,hP,,,,,,,
V,hJe,hS,P,hP,,,,,,,
V,hJe,C,hC,P,,,,,,,
V,hJe,C,hC,hP,,,,,,,
V,hJe,C,P,hP,,,,,,,
V,hJe,hC,P,hP,,,,,,,
V,S,hS,C,hC,,,,,,,
V,S,hS,C,P,,,,,,,
V,S,hS,C,hP,,,,,,,
V,S,hS,hC,P,,,,,,,
V,S,hS,hC,hP,,,,,,,
V,S,hS,P,hP,,,,,,,
V,S,C,hC,P,,,,,,,
V,S,C,hC,hP,,,,,,,
V,S,C,P,hP,,,,,,,
V,S,hC,P,hP,,,,,,,
V,hS,C,hC,P,,,,,,,
V,hS,C,hC,hP,,,,,,,
V,hS,C,P,hP,,,,,,,
V,hS,hC,P,hP,,,,,,,
V,C,hC,P,hP,,,,,,,
hV,A,hA,Je,hJe,,,,,,,
hV,A,hA,Je,S,,,,,,,
hV,A,hA,Je,hS,,,,,,,
hV,A,hA,Je,C,,,,,,,
hV,A,hA,Je,hC,,,,,,,
hV,A,hA,Je,P,,,,,,,
hV,A,hA,Je,hP,,,,,,,
hV,A,hA,hJe,S,,,,,,,
hV,A,hA,hJe,hS,,,,,,,
hV,A,hA,hJe,C,,,,,,,
hV,A,hA,hJe,hC,,,,,,,
hV,A,hA,hJe,P,,,,,,,
hV,A,hA,hJe,hP,,,,,,,
hV,A,hA,S,hS,,,,,,,
hV,A,hA,S,C,,,,,,,
hV,A,hA,S,hC,,,,,,,
hV,A,hA,S,P,,,,,,,
hV,A,hA,S,hP,,,,,,,
hV,A,hA,hS,C,,,,,,,
hV,A,hA,hS,hC,,,,,,,
hV,A,hA,hS,P,,,,,,,
hV,A,hA,hS,hP,,,,,,,
hV,A,hA,C,hC,,,,,,,
hV,A,hA,C,P,,,,,,,
hV,A,hA,C,hP,,,,,,,
hV,A,hA,hC,P,,,,,,,
hV,A,hA,hC,hP,,,,,,,
hV,A,hA,P,hP,,,,,,,
hV,A,Je,hJe,S,,,,,,,
hV,A,Je,hJe,hS,,,,,,,
hV,A,Je,hJe,C,,,,,,,
hV,A,Je,hJe,hC,,,,,,,
hV,A,Je,hJe,P,,,,,,,
hV,A,Je,hJe,hP,,,,,,,
hV,A,Je,S,hS,,,,,,,
hV,A,Je,S,C,,,,,,,
hV,A,Je,S,hC,,,,,,,
hV,A,Je,S,P,,,,,,,
hV,A,Je,S,hP,,,,,,,
hV,A,Je,hS,C,,,,,,,
hV,A,Je,hS,hC,,,,,,,
hV,A,Je,hS,P,,,,,,,
hV,A,Je,hS,hP,,,,,,,
hV,A,Je,C,hC,,,,,,,
hV,A,Je,C,P,,,,,,,
hV,A,Je,C,hP,,,,,,,
hV,A,Je,hC,P,,,,,,,
hV,A,Je,hC,hP,,,,,,,
hV,A,Je,P,hP,,,,,,,
hV,A,hJe,S,hS,,,,,,,
hV,A,hJe,S,C,,,,,,,
hV,A,hJe,S,hC,,,,,,,
hV,A,hJe,S,P,,,,,,,
hV,A,hJe,S,hP,,,,,,,
hV,A,hJe,hS,C,,,,,,,
hV,A,hJe,hS,hC,,,,,,,
hV,A,hJe,hS,P,,,,,,,
hV,A,hJe,hS,hP,,,,,,,
hV,A,hJe,C,hC,,,,,,,
hV,A,hJe,C,P,,,,,,,
hV,A,hJe,C,hP,,,,,,,
hV,A,hJe,hC,P,,,,,,,
hV,A,hJe,hC,hP,,,,,,,
hV,A,hJe,P,hP,,,,,,,
hV,A,S,hS,C,,,,,,,
hV,A,S,hS,hC,,,,,,,
hV,A,S,hS,P,,,,,,,
hV,A,S,hS,hP,,,,,,,
hV,A,S,C,hC,,,,,,,
hV,A,S,C,P,,,,,,,
hV,A,S,C,hP,,,,,,,
hV,A,S,hC,P,,,,,,,
hV,A,S,hC,hP,,,,,,,
hV,A,S,P,hP,,,,,,,
hV,A,hS,C,hC,,,,,,,
hV,A,hS,C,P,,,,,,,
hV,A,hS,C,hP,,,,,,,
hV,A,hS,hC,P,,,,,,,
hV,A,hS,hC,hP,,,,,,,
hV,A,hS,P,hP,,,,,,,
hV,A,C,hC,P,,,,,,,
hV,A,C,hC,hP,,,,,,,
hV,A,C,P,hP,,,,,,,
hV,A,hC,P,hP,,,,,,,
hV,hA,Je,hJe,S,,,,,,,
hV,hA,Je,hJe,hS,,,,,,,
hV,hA,Je,hJe,C,,,,,,,
hV,hA,Je,hJe,hC,,,,,,,
hV,hA,Je,hJe,P,,,,,,,
hV,hA,Je,hJe,hP,,,,,,,
hV,hA,Je,S,hS,,,,,,,
hV,hA,Je,S,C,,,,,,,
hV,hA,Je,S,hC,,,,,,,
hV,hA,Je,S,P,,,,,,,
hV,hA,Je,S,hP,,,,,,,
hV,hA,Je,hS,C,,,,,,,
hV,hA,Je,hS,hC,,,,,,,
hV,hA,Je,hS,P,,,,,,,
hV,hA,Je,hS,hP,,,,,,,
hV,hA,Je,C,hC,,,,,,,
hV,hA,Je,C,P,,,,,,,
hV,hA,Je,C,hP,,,,,,,
hV,hA,Je,hC,P,,,,,,,
hV,hA,Je,hC,hP,,,,,,,
hV,hA,Je,P,hP,,,,,,,
hV,hA,hJe,S,hS,,,,,,,
hV,hA,hJe,S,C,,,,,,,
hV,hA,hJe,S,hC,,,,,,,
hV,hA,hJe,S,P,,,,,,,
hV,hA,hJe,S,hP,,,,,,,
hV,hA,hJe,hS,C,,,,,,,
hV,hA,hJe,hS,hC,,,,,,,
hV,hA,hJe,hS,P,,,,,,,
hV,hA,hJe,hS,hP,,,,,,,
hV,hA,hJe,C,hC,,,,,,,
hV,hA,hJe,C,P,,,,,,,
hV,hA,hJe,C,hP,,,,,,,
hV,hA,hJe,hC,P,,,,,,,
hV,hA,hJe,hC,hP,,,,,,,
hV,hA,hJe,P,hP,,,,,,,
hV,hA,S,hS,C,,,,,,,
hV,hA,S,hS,hC,,,,,,,
hV,hA,S,hS,P,,,,,,,
hV,hA,S,hS,hP,,,,,,,
hV,hA,S,C,hC,,,,,,,
hV,hA,S,C,P,,,,,,,
hV,hA,S,C,hP,,,,,,,
hV,hA,S,hC,P,,,,,,,
hV,hA,S,hC,hP,,,,,,,
hV,hA,S,P,hP,,,,,,,
hV,hA,hS,C,hC,,,,,,,
hV,hA,hS,C,P,,,,,,,
hV,hA,hS,C,hP,,,,,,,
hV,hA,hS,hC,P,,,,,,,
hV,hA,hS,hC,hP,,,,,,,
hV,hA,hS,P,hP,,,,,,,
hV,hA,C,hC,P,,,,,,,
hV,hA,C,hC,hP,,,,,,,
hV,hA,C,P,hP,,,,,,,
hV,hA,hC,P,hP,,,,,,,
hV,Je,hJe,S,hS,,,,,,,
hV,Je,hJe,S,C,,,,,,,
hV,Je,hJe,S,hC,,,,,,,
hV,Je,hJe,S,P,,,,,,,
hV,Je,hJe,S,hP,,,,,,,
hV,Je,hJe,hS,C,,,,,,,
hV,Je,hJe,hS,hC,,,,,,,
hV,Je,hJe,hS,P,,,,,,,
hV,Je,hJe,hS,hP,,,,,,,
hV,Je,hJe,C,hC,,,,,,,
hV,Je,hJe,C,P,,,,,,,
hV,Je,hJe,C,hP,,,,,,,
hV,Je,hJe,hC,P,,,,,,,
hV,Je,hJe,hC,hP,,,,,,,
hV,Je,hJe,P,hP,,,,,,,
hV,Je,S,hS,C,,,,,,,
hV,Je,S,hS,hC,,,,,,,
hV,Je,S,hS,P,,,,,,,
hV,Je,S,hS,hP,,,,,,,
hV,Je,S,C,hC,,,,,,,
hV,Je,S,C,P,,,,,,,
hV,Je,S,C,hP,,,,,,,
hV,Je,S,hC,P,,,,,,,
hV,Je,S,hC,hP,,,,,,,
hV,Je,S,P,hP,,,,,,,
hV,Je,hS,C,hC,,,,,,,
hV,Je,hS,C,P,,,,,,,
hV,Je,hS,C,hP,,,,,,,
hV,Je,hS,hC,P,,,,,,,
hV,Je,hS,hC,hP,,,,,,,
hV,Je,hS,P,hP,,,,,,,
hV,Je,C,hC,P,,,,,,,
hV,Je,C,hC,hP,,,,,,,
hV,Je,C,P,hP,,,,,,,
hV,Je,hC,P,hP,,,,,,,
hV,hJe,S,hS,C,,,,,,,
hV,hJe,S,hS,hC,,,,,,,
hV,hJe,S,hS,P,,,,,,,
hV,hJe,S,hS,hP,,,,,,,
hV,hJe,S,C,hC,,,,,,,
hV,hJe,S,C,P,,,,,,,
hV,hJe,S,C,hP,,,,,,,
hV,hJe,S,hC,P,,,,,,,
hV,hJe,S,hC,hP,,,,,,,
hV,hJe,S,P,hP,,,,,,,
hV,hJe,hS,C,hC,,,,,,,
hV,hJe,hS,C,P,,,,,,,
hV,hJe,hS,C,hP,,,,,,,
hV,hJe,hS,hC,P,,,,,,,
hV,hJe,hS,hC,hP,,,,,,,
hV,hJe,hS,P,hP,,,,,,,
hV,hJe,C,hC,P,,,,,,,
hV,hJe,C,hC,hP,,,,,,,
hV,hJe,C,P,hP,,,,,,,
hV,hJe,hC,P,hP,,,,,,,
hV,S,hS,C,hC,,,,,,,
hV,S,hS,C,P,,,,,,,
hV,S,hS,C,hP,,,,,,,
hV,S,hS,hC,P,,,,,,,
hV,S,hS,hC,hP,,,,,,,
hV,S,hS,P,hP,,,,,,,
hV,S,C,hC,P,,,,,,,
hV,S,C,hC,hP,,,,,,,
hV,S,C,P,hP,,,,,,,
hV,S,hC,P,hP,,,,,,,
hV,hS,C,hC,P,,,,,,,
hV,hS,C,hC,hP,,,,,,,
hV,hS,C,P,hP,,,,,,,
hV,hS,hC,P,hP,,,,,,,
hV,C,hC,P,hP,,,,,,,
A,hA,Je,hJe,S,,,,,,,
A,hA,Je,hJe,hS,,,,,,,
A,hA,Je,hJe,C,,,,,,,
A,hA,Je,hJe,hC,,,,,,,
A,hA,Je,hJe,P,,,,,,,
A,hA,Je,hJe,hP,,,,,,,
A,hA,Je,S,hS,,,,,,,
A,hA,Je,S,C,,,,,,,
A,hA,Je,S,hC,,,,,,,
A,hA,Je,S,P,,,,,,,
A,hA,Je,S,hP,,,,,,,
A,hA,Je,hS,C,,,,,,,
A,hA,Je,hS,hC,,,,,,,
A,hA,Je,hS,P,,,,,,,
A,hA,Je,hS,hP,,,,,,,
A,hA,Je,C,hC,,,,,,,
A,hA,Je,C,P,,,,,,,
A,hA,Je,C,hP,,,,,,,
A,hA,Je,hC,P,,,,,,,
A,hA,Je,hC,hP,,,,,,,
A,hA,Je,P,hP,,,,,,,
A,hA,hJe,S,hS,,,,,,,
A,hA,hJe,S,C,,,,,,,
A,hA,hJe,S,hC,,,,,,,
A,hA,hJe,S,P,,,,,,,
A,hA,hJe,S,hP,,,,,,,
A,hA,hJe,hS,C,,,,,,,
A,hA,hJe,hS,hC,,,,,,,
A,hA,hJe,hS,P,,,,,,,
A,hA,hJe,hS,hP,,,,,,,
A,hA,hJe,C,hC,,,,,,,
A,hA,hJe,C,P,,,,,,,
A,hA,hJe,C,hP,,,,,,,
A,hA,hJe,hC,P,,,,,,,
A,hA,hJe,hC,hP,,,,,,,
A,hA,hJe,P,hP,,,,,,,
A,hA,S,hS,C,,,,,,,
A,hA,S,hS,hC,,,,,,,
A,hA,S,hS,P,,,,,,,
A,hA,S,hS,hP,,,,,,,
A,hA,S,C,hC,,,,,,,
A,hA,S,C,P,,,,,,,
A,hA,S,C,hP,,,,,,,
A,hA,S,hC,P,,,,,,,
A,hA,S,hC,hP,,,,,,,
A,hA,S,P,hP,,,,,,,
A,hA,hS,C,hC,,,,,,,
A,hA,hS,C,P,,,,,,,
A,hA,hS,C,hP,,,,,,,
A,hA,hS,hC,P,,,,,,,
A,hA,hS,hC,hP,,,,,,,
A,hA,hS,P,hP,,,,,,,
A,hA,C,hC,P,,,,,,,
A,hA,C,hC,hP,,,,,,,
A,hA,C,P,hP,,,,,,,
A,hA,hC,P,hP,,,,,,,
A,Je,hJe,S,hS,,,,,,,
A,Je,hJe,S,C,,,,,,,
A,Je,hJe,S,hC,,,,,,,
A,Je,hJe,S,P,,,,,,,
A,Je,hJe,S,hP,,,,,,,
A,Je,hJe,hS,C,,,,,,,
A,Je,hJe,hS,hC,,,,,,,
A,Je,hJe,hS,P,,,,,,,
A,Je,hJe,hS,hP,,,,,,,
A,Je,hJe,C,hC,,,,,,,
A,Je,hJe,C,P,,,,,,,
A,Je,hJe,C,hP,,,,,,,
A,Je,hJe,hC,P,,,,,,,
A,Je,hJe,hC,hP,,,,,,,
A,Je,hJe,P,hP,,,,,,,
A,Je,S,hS,C,,,,,,,
A,Je,S,hS,hC,,,,,,,
A,Je,S,hS,P,,,,,,,
A,Je,S,hS,hP,,,,,,,
A,Je,S,C,hC,,,,,,,
A,Je,S,C,P,,,,,,,
A,Je,S,C,hP,,,,,,,
A,Je,S,hC,P,,,,,,,
A,Je,S,hC,hP,,,,,,,
A,Je,S,P,hP,,,,,,,
A,Je,hS,C,hC,,,,,,,
A,Je,hS,C,P,,,,,,,
A,Je,hS,C,hP,,,,,,,
A,Je,hS,hC,P,,,,,,,
A,Je,hS,hC,hP,,,,,,,
A,Je,hS,P,hP,,,,,,,
A,Je,C,hC,P,,,,,,,
A,Je,C,hC,hP,,,,,,,
A,Je,C,P,hP,,,,,,,
A,Je,hC,P,hP,,,,,,,
A,hJe,S,hS,C,,,,,,,
A,hJe,S,hS,hC,,,,,,,
A,hJe,S,hS,P,,,,,,,
A,hJe,S,hS,hP,,,,,,,
A,hJe,S,C,hC,,,,,,,
A,hJe,S,C,P,,,,,,,
A,hJe,S,C,hP,,,,,,,
A,hJe,S,hC,P,,,,,,,
A,hJe,S,hC,hP,,,,,,,
A,hJe,S,P,hP,,,,,,,
A,hJe,hS,C,hC,,,,,,,
A,hJe,hS,C,P,,,,,,,
A,hJe,hS,C,hP,,,,,,,
A,hJe,hS,hC,P,,,,,,,
A,hJe,hS,hC,hP,,,,,,,
A,hJe,hS,P,hP,,,,,,,
A,hJe,C,hC,P,,,,,,,
A,hJe,C,hC,hP,,,,,,,
A,hJe,C,P,hP,,,,,,,
A,hJe,hC,P,hP,,,,,,,
A,S,hS,C,hC,,,,,,,
A,S,hS,C,P,,,,,,,
A,S,hS,C,hP,,,,,,,
A,S,hS,hC,P,,,,,,,
A,S,hS,hC,hP,,,,,,,
A,S,hS,P,hP,,,,,,,
A,S,C,hC,P,,,,,,,
A,S,C,hC,hP,,,,,,,
A,S,C,P,hP,,,,,,,
A,S,hC,P,hP,,,,,,,
A,hS,C,hC,P,,,,,,,
A,hS,C,hC,hP,,,,,,,
A,hS,C,P,hP,,,,,,,
A,hS,hC,P,hP,,,,,,,
A,C,hC,P,hP,,,,,,,
hA,Je,hJe,S,hS,,,,,,,
hA,Je,hJe,S,C,,,,,,,
hA,Je,hJe,S,hC,,,,,,,
hA,Je,hJe,S,P,,,,,,,
hA,Je,hJe,S,hP,,,,,,,
hA,Je,hJe,hS,C,,,,,,,
hA,Je,hJe,hS,hC,,,,,,,
hA,Je,hJe,hS,P,,,,,,,
hA,Je,hJe,hS,hP,,,,,,,
hA,Je,hJe,C,hC,,,,,,,
hA,Je,hJe,C,P,,,,,,,
hA,Je,hJe,C,hP,,,,,,,
hA,Je,hJe,hC,P,,,,,,,
hA,Je,hJe,hC,hP,,,,,,,
hA,Je,hJe,P,hP,,,,,,,
hA,Je,S,hS,C,,,,,,,
hA,Je,S,hS,hC,,,,,,,
hA,Je,S,hS,P,,,,,,,
hA,Je,S,hS,hP,,,,,,,
hA,Je,S,C,hC,,,,,,,
hA,Je,S,C,P,,,,,,,
hA,Je,S,C,hP,,,,,,,
hA,Je,S,hC,P,,,,,,,
hA,Je,S,hC,hP,,,,,,,
hA,Je,S,P,hP,,,,,,,
hA,Je,hS,C,hC,,,,,,,
hA,Je,hS,C,P,,,,,,,
hA,Je,hS,C,hP,,,,,,,
hA,Je,hS,hC,P,,,,,,,
hA,Je,hS,hC,hP,,,,,,,
hA,Je,hS,P,hP,,,,,,,
hA,Je,C,hC,P,,,,,,,
hA,Je,C,hC,hP,,,,,,,
hA,Je,C,P,hP,,,,,,,
hA,Je,hC,P,hP,,,,,,,
hA,hJe,S,hS,C,,,,,,,
hA,hJe,S,hS,hC,,,,,,,
hA,hJe,S,hS,P,,,,,,,
hA,hJe,S,hS,hP,,,,,,,
hA,hJe,S,C,hC,,,,,,,
hA,hJe,S,C,P,,,,,,,
hA,hJe,S,C,hP,,,,,,,
hA,hJe,S,hC,P,,,,,,,
hA,hJe,S,hC,hP,,,,,,,
hA,hJe,S,P,hP,,,,,,,
hA,hJe,hS,C,hC,,,,,,,
hA,hJe,hS,C,P,,,,,,,
hA,hJe,hS,C,hP,,,,,,,
hA,hJe,hS,hC,P,,,,,,,
hA,hJe,hS,hC,hP,,,,,,,
hA,hJe,hS,P,hP,,,,,,,
hA,hJe,C,hC,P,,,,,,,
hA,hJe,C,hC,hP,,,,,,,
hA,hJe,C,P,hP,,,,,,,
hA,hJe,hC,P,hP,,,,,,,
hA,S,hS,C,hC,,,,,,,
hA,S,hS,C,P,,,,,,,
hA,S,hS,C,hP,,,,,,,
hA,S,hS,hC,P,,,,,,,
hA,S,hS,hC,hP,,,,,,,
hA,S,hS,P,hP,,,,,,,
hA,S,C,hC,P,,,,,,,
hA,S,C,hC,hP,,,,,,,
hA,S,C,P,hP,,,,,,,
hA,S,hC,P,hP,,,,,,,
hA,hS,C,hC,P,,,,,,,
hA,hS,C,hC,hP,,,,,,,
hA,hS,C,P,hP,,,,,,,
hA,hS,hC,P,hP,,,,,,,
hA,C,hC,P,hP,,,,,,,
Je,hJe,S,hS,C,,,,,,,
Je,hJe,S,hS,hC,,,,,,,
Je,hJe,S,hS,P,,,,,,,
Je,hJe,S,hS,hP,,,,,,,
Je,hJe,S,C,hC,,,,,,,
Je,hJe,S,C,P,,,,,,,
Je,hJe,S,C,hP,,,,,,,
Je,hJe,S,hC,P,,,,,,,
Je,hJe,S,hC,hP,,,,,,,
Je,hJe,S,P,hP,,,,,,,
Je,hJe,hS,C,hC,,,,,,,
Je,hJe,hS,C,P,,,,,,,
Je,hJe,hS,C,hP,,,,,,,
Je,hJe,hS,hC,P,,,,,,,
Je,hJe,hS,hC,hP,,,,,,,
Je,hJe,hS,P,hP,,,,,,,
Je,hJe,C,hC,P,,,,,,,
Je,hJe,C,hC,hP,,,,,,,
Je,hJe,C,P,hP,,,,,,,
Je,hJe,hC,P,hP,,,,,,,
Je,S,hS,C,hC,,,,,,,
Je,S,hS,C,P,,,,,,,
Je,S,hS,C,hP,,,,,,,
Je,S,hS,hC,P,,,,,,,
Je,S,hS,hC,hP,,,,,,,
Je,S,hS,P,hP,,,,,,,
Je,S,C,hC,P,,,,,,,
Je,S,C,hC,hP,,,,,,,
Je,S,C,P,hP,,,,,,,
Je,S,hC,P,hP,,,,,,,
Je,hS,C,hC,P,,,,,,,
Je,hS,C,hC,hP,,,,,,,
Je,hS,C,P,hP,,,,,,,
Je,hS,hC,P,hP,,,,,,,
Je,C,hC,P,hP,,,,,,,
hJe,S,hS,C,hC,,,,,,,
hJe,S,hS,C,P,,,,,,,
hJe,S,hS,C,hP,,,,,,,
hJe,S,hS,hC,P,,,,,,,
hJe,S,hS,hC,hP,,,,,,,
hJe,S,hS,P,hP,,,,,,,
hJe,S,C,hC,P,,,,,,,
hJe,S,C,hC,hP,,,,,,,
hJe,S,C,P,hP,,,,,,,
hJe,S,hC,P,hP,,,,,,,
hJe,hS,C,hC,P,,,,,,,
hJe,hS,C,hC,hP,,,,,,,
hJe,hS,C,P,hP,,,,,,,
hJe,hS,hC,P,hP,,,,,,,
hJe,C,hC,P,hP,,,,,,,
S,hS,C,hC,P,,,,,,,
S,hS,C,hC,hP,,,,,,,
S,hS,C,P,hP,,,,,,,
S,hS,hC,P,hP,,,,,,,
S,C,hC,P,hP,,,,,,,
hS,C,hC,P,hP,,,,,,,
V,hV,A,hA,Je,hJe,,,,,,
V,hV,A,hA,Je,S,,,,,,
V,hV,A,hA,Je,hS,,,,,,
V,hV,A,hA,Je,C,,,,,,
V,hV,A,hA,Je,hC,,,,,,
V,hV,A,hA,Je,P,,,,,,
V,hV,A,hA,Je,hP,,,,,,
V,hV,A,hA,hJe,S,,,,,,
V,hV,A,hA,hJe,hS,,,,,,
V,hV,A,hA,hJe,C,,,,,,
V,hV,A,hA,hJe,hC,,,,,,
V,hV,A,hA,hJe,P,,,,,,
V,hV,A,hA,hJe,hP,,,,,,
V,hV,A,hA,S,hS,,,,,,
V,hV,A,hA,S,C,,,,,,
V,hV,A,hA,S,hC,,,,,,
V,hV,A,hA,S,P,,,,,,
V,hV,A,hA,S,hP,,,,,,
V,hV,A,hA,hS,C,,,,,,
V,hV,A,hA,hS,hC,,,,,,
V,hV,A,hA,hS,P,,,,,,
V,hV,A,hA,hS,hP,,,,,,
V,hV,A,hA,C,hC,,,,,,
V,hV,A,hA,C,P,,,,,,
V,hV,A,hA,C,hP,,,,,,
V,hV,A,hA,hC,P,,,,,,
V,hV,A,hA,hC,hP,,,,,,
V,hV,A,hA,P,hP,,,,,,
V,hV,A,Je,hJe,S,,,,,,
V,hV,A,Je,hJe,hS,,,,,,
V,hV,A,Je,hJe,C,,,,,,
V,hV,A,Je,hJe,hC,,,,,,
V,hV,A,Je,hJe,P,,,,,,
V,hV,A,Je,hJe,hP,,,,,,
V,hV,A,Je,S,hS,,,,,,
V,hV,A,Je,S,C,,,,,,
V,hV,A,Je,S,hC,,,,,,
V,hV,A,Je,S,P,,,,,,
V,hV,A,Je,S,hP,,,,,,
V,hV,A,Je,hS,C,,,,,,
V,hV,A,Je,hS,hC,,,,,,
V,hV,A,Je,hS,P,,,,,,
V,hV,A,Je,hS,hP,,,,,,
V,hV,A,Je,C,hC,,,,,,
V,hV,A,Je,C,P,,,,,,
V,hV,A,Je,C,hP,,,,,,
V,hV,A,Je,hC,P,,,,,,
V,hV,A,Je,hC,hP,,,,,,
V,hV,A,Je,P,hP,,,,,,
V,hV,A,hJe,S,hS,,,,,,
V,hV,A,hJe,S,C,,,,,,
V,hV,A,hJe,S,hC,,,,,,
V,hV,A,hJe,S,P,,,,,,
V,hV,A,hJe,S,hP,,,,,,
V,hV,A,hJe,hS,C,,,,,,
V,hV,A,hJe,hS,hC,,,,,,
V,hV,A,hJe,hS,P,,,,,,
V,hV,A,hJe,hS,hP,,,,,,
V,hV,A,hJe,C,hC,,,,,,
V,hV,A,hJe,C,P,,,,,,
V,hV,A,hJe,C,hP,,,,,,
V,hV,A,hJe,hC,P,,,,,,
V,hV,A,hJe,hC,hP,,,,,,
V,hV,A,hJe,P,hP,,,,,,
V,hV,A,S,hS,C,,,,,,
V,hV,A,S,hS,hC,,,,,,
V,hV,A,S,hS,P,,,,,,
V,hV,A,S,hS,hP,,,,,,
V,hV,A,S,C,hC,,,,,,
V,hV,A,S,C,P,,,,,,
V,hV,A,S,C,hP,,,,,,
V,hV,A,S,hC,P,,,,,,
V,hV,A,S,hC,hP,,,,,,
V,hV,A,S,P,hP,,,,,,
V,hV,A,hS,C,hC,,,,,,
V,hV,A,hS,C,P,,,,,,
V,hV,A,hS,C,hP,,,,,,
V,hV,A,hS,hC,P,,,,,,
V,hV,A,hS,hC,hP,,,,,,
V,hV,A,hS,P,hP,,,,,,
V,hV,A,C,hC,P,,,,,,
V,hV,A,C,hC,hP,,,,,,
V,hV,A,C,P,hP,,,,,,
V,hV,A,hC,P,hP,,,,,,
V,hV,hA,Je,hJe,S,,,,,,
V,hV,hA,Je,hJe,hS,,,,,,
V,hV,hA,Je,hJe,C,,,,,,
V,hV,hA,Je,hJe,hC,,,,,,
V,hV,hA,Je,hJe,P,,,,,,
V,hV,hA,Je,hJe,hP,,,,,,
V,hV,hA,Je,S,hS,,,,,,
V,hV,hA,Je,S,C,,,,,,
V,hV,hA,Je,S,hC,,,,,,
V,hV,hA,Je,S,P,,,,,,
V,hV,hA,Je,S,hP,,,,,,
V,hV,hA,Je,hS,C,,,,,,
V,hV,hA,Je,hS,hC,,,,,,
V,hV,hA,Je,hS,P,,,,,,
V,hV,hA,Je,hS,hP,,,,,,
V,hV,hA,Je,C,hC,,,,,,
V,hV,hA,Je,C,P,,,,,,
V,hV,hA,Je,C,hP,,,,,,
V,hV,hA,Je,hC,P,,,,,,
V,hV,hA,Je,hC,hP,,,,,,
V,hV,hA,Je,P,hP,,,,,,
V,hV,hA,hJe,S,hS,,,,,,
V,hV,hA,hJe,S,C,,,,,,
V,hV,hA,hJe,S,hC,,,,,,
V,hV,hA,hJe,S,P,,,,,,
V,hV,hA,hJe,S,hP,,,,,,
V,hV,hA,hJe,hS,C,,,,,,
V,hV,hA,hJe,hS,hC,,,,,,
V,hV,hA,hJe,hS,P,,,,,,
V,hV,hA,hJe,hS,hP,,,,,,
V,hV,hA,hJe,C,hC,,,,,,
V,hV,hA,hJe,C,P,,,,,,
V,hV,hA,hJe,C,hP,,,,,,
V,hV,hA,hJe,hC,P,,,,,,
V,hV,hA,hJe,hC,hP,,,,,,
V,hV,hA,hJe,P,hP,,,,,,
V,hV,hA,S,hS,C,,,,,,
V,hV,hA,S,hS,hC,,,,,,
V,hV,hA,S,hS,P,,,,,,
V,hV,hA,S,hS,hP,,,,,,
V,hV,hA,S,C,hC,,,,,,
V,hV,hA,S,C,P,,,,,,
V,hV,hA,S,C,hP,,,,,,
V,hV,hA,S,hC,P,,,,,,
V,hV,hA,S,hC,hP,,,,,,
V,hV,hA,S,P,hP,,,,,,
V,hV,hA,hS,C,hC,,,,,,
V,hV,hA,hS,C,P,,,,,,
V,hV,hA,hS,C,hP,,,,,,
V,hV,hA,hS,hC,P,,,,,,
V,hV,hA,hS,hC,hP,,,,,,
V,hV,hA,hS,P,hP,,,,,,
V,hV,hA,C,hC,P,,,,,,
V,hV,hA,C,hC,hP,,,,,,
V,hV,hA,C,P,hP,,,,,,
V,hV,hA,hC,P,hP,,,,,,
V,hV,Je,hJe,S,hS,,,,,,
V,hV,Je,hJe,S,C,,,,,,
V,hV,Je,hJe,S,hC,,,,,,
V,hV,Je,hJe,S,P,,,,,,
V,hV,Je,hJe,S,hP,,,,,,
V,hV,Je,hJe,hS,C,,,,,,
V,hV,Je,hJe,hS,hC,,,,,,
V,hV,Je,hJe,hS,P,,,,,,
V,hV,Je,hJe,hS,hP,,,,,,
V,hV,Je,hJe,C,hC,,,,,,
V,hV,Je,hJe,C,P,,,,,,
V,hV,Je,hJe,C,hP,,,,,,
V,hV,Je,hJe,hC,P,,,,,,
V,hV,Je,hJe,hC,hP,,,,,,
V,hV,Je,hJe,P,hP,,,,,,
V,hV,Je,S,hS,C,,,,,,
V,hV,Je,S,hS,hC,,,,,,
V,hV,Je,S,hS,P,,,,,,
V,hV,Je,S,hS,hP,,,,,,
V,hV,Je,S,C,hC,,,,,,
V,hV,Je,S,C,P,,,,,,
V,hV,Je,S,C,hP,,,,,,
V,hV,Je,S,hC,P,,,,,,
V,hV,Je,S,hC,hP,,,,,,
V,hV,Je,S,P,hP,,,,,,
V,hV,Je,hS,C,hC,,,,,,
V,hV,Je,hS,C,P,,,,,,
V,hV,Je,hS,C,hP,,,,,,
V,hV,Je,hS,hC,P,,,,,,
V,hV,Je,hS,hC,hP,,,,,,
V,hV,Je,hS,P,hP,,,,,,
V,hV,Je,C,hC,P,,,,,,
V,hV,Je,C,hC,hP,,,,,,
V,hV,Je,C,P,hP,,,,,,
V,hV,Je,hC,P,hP,,,,,,
V,hV,hJe,S,hS,C,,,,,,
V,hV,hJe,S,hS,hC,,,,,,
V,hV,hJe,S,hS,P,,,,,,
V,hV,hJe,S,hS,hP,,,,,,
V,hV,hJe,S,C,hC,,,,,,
V,hV,hJe,S,C,P,,,,,,
V,hV,hJe,S,C,hP,,,,,,
V,hV,hJe,S,hC,P,,,,,,
V,hV,hJe,S,hC,hP,,,,,,
V,hV,hJe,S,P,hP,,,,,,
V,hV,hJe,hS,C,hC,,,,,,
V,hV,hJe,hS,C,P,,,,,,
V,hV,hJe,hS,C,hP,,,,,,
V,hV,hJe,hS,hC,P,,,,,,
V,hV,hJe,hS,hC,hP,,,,,,
V,hV,hJe,hS,P,hP,,,,,,
V,hV,hJe,C,hC,P,,,,,,
V,hV,hJe,C,hC,hP,,,,,,
V,hV,hJe,C,P,hP,,,,,,
V,hV,hJe,hC,P,hP,,,,,,
V,hV,S,hS,C,hC,,,,,,
V,hV,S,hS,C,P,,,,,,
V,hV,S,hS,C,hP,,,,,,
V,hV,S,hS,hC,P,,,,,,
V,hV,S,hS,hC,hP,,,,,,
V,hV,S,hS,P,hP,,,,,,
V,hV,S,C,hC,P,,,,,,
V,hV,S,C,hC,hP,,,,,,
V,hV,S,C,P,hP,,,,,,
V,hV,S,hC,P,hP,,,,,,
V,hV,hS,C,hC,P,,,,,,
V,hV,hS,C,hC,hP,,,,,,
V,hV,hS,C,P,hP,,,,,,
V,hV,hS,hC,P,hP,,,,,,
V,hV,C,hC,P,hP,,,,,,
V,A,hA,Je,hJe,S,,,,,,
V,A,hA,Je,hJe,hS,,,,,,
V,A,hA,Je,hJe,C,,,,,,
V,A,hA,Je,hJe,hC,,,,,,
V,A,hA,Je,hJe,P,,,,,,
V,A,hA,Je,hJe,hP,,,,,,
V,A,hA,Je,S,hS,,,,,,
V,A,hA,Je,S,C,,,,,,
V,A,hA,Je,S,hC,,,,,,
V,A,hA,Je,S,P,,,,,,
V,A,hA,Je,S,hP,,,,,,
V,A,hA,Je,hS,C,,,,,,
V,A,hA,Je,hS,hC,,,,,,
V,A,hA,Je,hS,P,,,,,,
V,A,hA,Je,hS,hP,,,,,,
V,A,hA,Je,C,hC,,,,,,
V,A,hA,Je,C,P,,,,,,
V,A,hA,Je,C,hP,,,,,,
V,A,hA,Je,hC,P,,,,,,
V,A,hA,Je,hC,hP,,,,,,
V,A,hA,Je,P,hP,,,,,,
V,A,hA,hJe,S,hS,,,,,,
V,A,hA,hJe,S,C,,,,,,
V,A,hA,hJe,S,hC,,,,,,
V,A,hA,hJe,S,P,,,,,,
V,A,hA,hJe,S,hP,,,,,,
V,A,hA,hJe,hS,C,,,,,,
V,A,hA,hJe,hS,hC,,,,,,
V,A,hA,hJe,hS,P,,,,,,
V,A,hA,hJe,hS,hP,,,,,,
V,A,hA,hJe,C,hC,,,,,,
V,A,hA,hJe,C,P,,,,,,
V,A,hA,hJe,C,hP,,,,,,
V,A,hA,hJe,hC,P,,,,,,
V,A,hA,hJe,hC,hP,,,,,,
V,A,hA,hJe,P,hP,,,,,,
V,A,hA,S,hS,C,,,,,,
V,A,hA,S,hS,hC,,,,,,
V,A,hA,S,hS,P,,,,,,
V,A,hA,S,hS,hP,,,,,,
V,A,hA,S,C,hC,,,,,,
V,A,hA,S,C,P,,,,,,
V,A,hA,S,C,hP,,,,,,
V,A,hA,S,hC,P,,,,,,
V,A,hA,S,hC,hP,,,,,,
V,A,hA,S,P,hP,,,,,,
V,A,hA,hS,C,hC,,,,,,
V,A,hA,hS,C,P,,,,,,
V,A,hA,hS,C,hP,,,,,,
V,A,hA,hS,hC,P,,,,,,
V,A,hA,hS,hC,hP,,,,,,
V,A,hA,hS,P,hP,,,,,,
V,A,hA,C,hC,P,,,,,,
V,A,hA,C,hC,hP,,,,,,
V,A,hA,C,P,hP,,,,,,
V,A,hA,hC,P,hP,,,,,,
V,A,Je,hJe,S,hS,,,,,,
V,A,Je,hJe,S,C,,,,,,
V,A,Je,hJe,S,hC,,,,,,
V,A,Je,hJe,S,P,,,,,,
V,A,Je,hJe,S,hP,,,,,,
V,A,Je,hJe,hS,C,,,,,,
V,A,Je,hJe,hS,hC,,,,,,
V,A,Je,hJe,hS,P,,,,,,
V,A,Je,hJe,hS,hP,,,,,,
V,A,Je,hJe,C,hC,,,,,,
V,A,Je,hJe,C,P,,,,,,
V,A,Je,hJe,C,hP,,,,,,
V,A,Je,hJe,hC,P,,,,,,
V,A,Je,hJe,hC,hP,,,,,,
V,A,Je,hJe,P,hP,,,,,,
V,A,Je,S,hS,C,,,,,,
V,A,Je,S,hS,hC,,,,,,
V,A,Je,S,hS,P,,,,,,
V,A,Je,S,hS,hP,,,,,,
V,A,Je,S,C,hC,,,,,,
V,A,Je,S,C,P,,,,,,
V,A,Je,S,C,hP,,,,,,
V,A,Je,S,hC,P,,,,,,
V,A,Je,S,hC,hP,,,,,,
V,A,Je,S,P,hP,,,,,,
V,A,Je,hS,C,hC,,,,,,
V,A,Je,hS,C,P,,,,,,
V,A,Je,hS,C,hP,,,,,,
V,A,Je,hS,hC,P,,,,,,
V,A,Je,hS,hC,hP,,,,,,
V,A,Je,hS,P,hP,,,,,,
V,A,Je,C,hC,P,,,,,,
V,A,Je,C,hC,hP,,,,,,
V,A,Je,C,P,hP,,,,,,
V,A,Je,hC,P,hP,,,,,,
V,A,hJe,S,hS,C,,,,,,
V,A,hJe,S,hS,hC,,,,,,
V,A,hJe,S,hS,P,,,,,,
V,A,hJe,S,hS,hP,,,,,,
V,A,hJe,S,C,hC,,,,,,
V,A,hJe,S,C,P,,,,,,
V,A,hJe,S,C,hP,,,,,,
V,A,hJe,S,hC,P,,,,,,
V,A,hJe,S,hC,hP,,,,,,
V,A,hJe,S,P,hP,,,,,,
V,A,hJe,hS,C,hC,,,,,,
V,A,hJe,hS,C,P,,,,,,
V,A,hJe,hS,C,hP,,,,,,
V,A,hJe,hS,hC,P,,,,,,
V,A,hJe,hS,hC,hP,,,,,,
V,A,hJe,hS,P,hP,,,,,,
V,A,hJe,C,hC,P,,,,,,
V,A,hJe,C,hC,hP,,,,,,
V,A,hJe,C,P,hP,,,,,,
V,A,hJe,hC,P,hP,,,,,,
V,A,S,hS,C,hC,,,,,,
V,A,S,hS,C,P,,,,,,
V,A,S,hS,C,hP,,,,,,
V,A,S,hS,hC,P,,,,,,
V,A,S,hS,hC,hP,,,,,,
V,A,S,hS,P,hP,,,,,,
V,A,S,C,hC,P,,,,,,
V,A,S,C,hC,hP,,,,,,
V,A,S,C,P,hP,,,,,,
V,A,S,hC,P,hP,,,,,,
V,A,hS,C,hC,P,,,,,,
V,A,hS,C,hC,hP,,,,,,
V,A,hS,C,P,hP,,,,,,
V,A,hS,hC,P,hP,,,,,,
V,A,C,hC,P,hP,,,,,,
V,hA,Je,hJe,S,hS,,,,,,
V,hA,Je,hJe,S,C,,,,,,
V,hA,Je,hJe,S,hC,,,,,,
V,hA,Je,hJe,S,P,,,,,,
V,hA,Je,hJe,S,hP,,,,,,
V,hA,Je,hJe,hS,C,,,,,,
V,hA,Je,hJe,hS,hC,,,,,,
V,hA,Je,hJe,hS,P,,,,,,
V,hA,Je,hJe,hS,hP,,,,,,
V,hA,Je,hJe,C,hC,,,,,,
V,hA,Je,hJe,C,P,,,,,,
V,hA,Je,hJe,C,hP,,,,,,
V,hA,Je,hJe,hC,P,,,,,,
V,hA,Je,hJe,hC,hP,,,,,,
V,hA,Je,hJe,P,hP,,,,,,
V,hA,Je,S,hS,C,,,,,,
V,hA,Je,S,hS,hC,,,,,,
V,hA,Je,S,hS,P,,,,,,
V,hA,Je,S,hS,hP,,,,,,
V,hA,Je,S,C,hC,,,,,,
V,hA,Je,S,C,P,,,,,,
V,hA,Je,S,C,hP,,,,,,
V,hA,Je,S,hC,P,,,,,,
V,hA,Je,S,hC,hP,,,,,,
V,hA,Je,S,P,hP,,,,,,
V,hA,Je,hS,C,hC,,,,,,
V,hA,Je,hS,C,P,,,,,,
V,hA,Je,hS,C,hP,,,,,,
V,hA,Je,hS,hC,P,,,,,,
V,hA,Je,hS,hC,hP,,,,,,
V,hA,Je,hS,P,hP,,,,,,
V,hA,Je,C,hC,P,,,,,,
V,hA,Je,C,hC,hP,,,,,,
V,hA,Je,C,P,hP,,,,,,
V,hA,Je,hC,P,hP,,,,,,
V,hA,hJe,S,hS,C,,,,,,
V,hA,hJe,S,hS,hC,,,,,,
V,hA,hJe,S,hS,P,,,,,,
V,hA,hJe,S,hS,hP,,,,,,
V,hA,hJe,S,C,hC,,,,,,
V,hA,hJe,S,C,P,,,,,,
V,hA,hJe,S,C,hP,,,,,,
V,hA,hJe,S,hC,P,,,,,,
V,hA,hJe,S,hC,hP,,,,,,
V,hA,hJe,S,P,hP,,,,,,
V,hA,hJe,hS,C,hC,,,,,,
V,hA,hJe,hS,C,P,,,,,,
V,hA,hJe,hS,C,hP,,,,,,
V,hA,hJe,hS,hC,P,,,,,,
V,hA,hJe,hS,hC,hP,,,,,,
V,hA,hJe,hS,P,hP,,,,,,
V,hA,hJe,C,hC,P,,,,,,
V,hA,hJe,C,hC,hP,,,,,,
V,hA,hJe,C,P,hP,,,,,,
V,hA,hJe,hC,P,hP,,,,,,
V,hA,S,hS,C,hC,,,,,,
V,hA,S,hS,C,P,,,,,,
V,hA,S,hS,C,hP,,,,,,
V,hA,S,hS,hC,P,,,,,,
V,hA,S,hS,hC,hP,,,,,,
V,hA,S,hS,P,hP,,,,,,
V,hA,S,C,hC,P,,,,,,
V,hA,S,C,hC,hP,,,,,,
V,hA,S,C,P,hP,,,,,,
V,hA,S,hC,P,hP,,,,,,
V,hA,hS,C,hC,P,,,,,,
V,hA,hS,C,hC,hP,,,,,,
V,hA,hS,C,P,hP,,,,,,
V,hA,hS,hC,P,hP,,,,,,
V,hA,C,hC,P,hP,,,,,,
V,Je,hJe,S,hS,C,,,,,,
V,Je,hJe,S,hS,hC,,,,,,
V,Je,hJe,S,hS,P,,,,,,
V,Je,hJe,S,hS,hP,,,,,,
V,Je,hJe,S,C,hC,,,,,,
V,Je,hJe,S,C,P,,,,,,
V,Je,hJe,S,C,hP,,,,,,
V,Je,hJe,S,hC,P,,,,,,
V,Je,hJe,S,hC,hP,,,,,,
V,Je,hJe,S,P,hP,,,,,,
V,Je,hJe,hS,C,hC,,,,,,
V,Je,hJe,hS,C,P,,,,,,
V,Je,hJe,hS,C,hP,,,,,,
V,Je,hJe,hS,hC,P,,,,,,
V,Je,hJe,hS,hC,hP,,,,,,
V,Je,hJe,hS,P,hP,,,,,,
V,Je,hJe,C,hC,P,,,,,,
V,Je,hJe,C,hC,hP,,,,,,
V,Je,hJe,C,P,hP,,,,,,
V,Je,hJe,hC,P,hP,,,,,,
V,Je,S,hS,C,hC,,,,,,
V,Je,S,hS,C,P,,,,,,
V,Je,S,hS,C,hP,,,,,,
V,Je,S,hS,hC,P,,,,,,
V,Je,S,hS,hC,hP,,,,,,
V,Je,S,hS,P,hP,,,,,,
V,Je,S,C,hC,P,,,,,,
V,Je,S,C,hC,hP,,,,,,
V,Je,S,C,P,hP,,,,,,
V,Je,S,hC,P,hP,,,,,,
V,Je,hS,C,hC,P,,,,,,
V,Je,hS,C,hC,hP,,,,,,
V,Je,hS,C,P,hP,,,,,,
V,Je,hS,hC,P,hP,,,,,,
V,Je,C,hC,P,hP,,,,,,
V,hJe,S,hS,C,hC,,,,,,
V,hJe,S,hS,C,P,,,,,,
V,hJe,S,hS,C,hP,,,,,,
V,hJe,S,hS,hC,P,,,,,,
V,hJe,S,hS,hC,hP,,,,,,
V,hJe,S,hS,P,hP,,,,,,
V,hJe,S,C,hC,P,,,,,,
V,hJe,S,C,hC,hP,,,,,,
V,hJe,S,C,P,hP,,,,,,
V,hJe,S,hC,P,hP,,,,,,
V,hJe,hS,C,hC,P,,,,,,
V,hJe,hS,C,hC,hP,,,,,,
V,hJe,hS,C,P,hP,,,,,,
V,hJe,hS,hC,P,hP,,,,,,
V,hJe,C,hC,P,hP,,,,,,
V,S,hS,C,hC,P,,,,,,
V,S,hS,C,hC,hP,,,,,,
V,S,hS,C,P,hP,,,,,,
V,S,hS,hC,P,hP,,,,,,
V,S,C,hC,P,hP,,,,,,
V,hS,C,hC,P,hP,,,,,,
hV,A,hA,Je,hJe,S,,,,,,
hV,A,hA,Je,hJe,hS,,,,,,
hV,A,hA,Je,hJe,C,,,,,,
hV,A,hA,Je,hJe,hC,,,,,,
hV,A,hA,Je,hJe,P,,,,,,
hV,A,hA,Je,hJe,hP,,,,,,
hV,A,hA,Je,S,hS,,,,,,
hV,A,hA,Je,S,C,,,,,,
hV,A,hA,Je,S,hC,,,,,,
hV,A,hA,Je,S,P,,,,,,
hV,A,hA,Je,S,hP,,,,,,
hV,A,hA,Je,hS,C,,,,,,
hV,A,hA,Je,hS,hC,,,,,,
hV,A,hA,Je,hS,P,,,,,,
hV,A,hA,Je,hS,hP,,,,,,
hV,A,hA,Je,C,hC,,,,,,
hV,A,hA,Je,C,P,,,,,,
hV,A,hA,Je,C,hP,,,,,,
hV,A,hA,Je,hC,P,,,,,,
hV,A,hA,Je,hC,hP,,,,,,
hV,A,hA,Je,P,hP,,,,,,
hV,A,hA,hJe,S,hS,,,,,,
hV,A,hA,hJe,S,C,,,,,,
hV,A,hA,hJe,S,hC,,,,,,
hV,A,hA,hJe,S,P,,,,,,
hV,A,hA,hJe,S,hP,,,,,,
hV,A,hA,hJe,hS,C,,,,,,
hV,A,hA,hJe,hS,hC,,,,,,
hV,A,hA,hJe,hS,P,,,,,,
hV,A,hA,hJe,hS,hP,,,,,,
hV,A,hA,hJe,C,hC,,,,,,
hV,A,hA,hJe,C,P,,,,,,
hV,A,hA,hJe,C,hP,,,,,,
hV,A,hA,hJe,hC,P,,,,,,
hV,A,hA,hJe,hC,hP,,,,,,
hV,A,hA,hJe,P,hP,,,,,,
hV,A,hA,S,hS,C,,,,,,
hV,A,hA,S,hS,hC,,,,,,
hV,A,hA,S,hS,P,,,,,,
hV,A,hA,S,hS,hP,,,,,,
hV,A,hA,S,C,hC,,,,,,
hV,A,hA,S,C,P,,,,,,
hV,A,hA,S,C,hP,,,,,,
hV,A,hA,S,hC,P,,,,,,
hV,A,hA,S,hC,hP,,,,,,
hV,A,hA,S,P,hP,,,,,,
hV,A,hA,hS,C,hC,,,,,,
hV,A,hA,hS,C,P,,,,,,
hV,A,hA,hS,C,hP,,,,,,
hV,A,hA,hS,hC,P,,,,,,
hV,A,hA,hS,hC,hP,,,,,,
hV,A,hA,hS,P,hP,,,,,,
hV,A,hA,C,hC,P,,,,,,
hV,A,hA,C,hC,hP,,,,,,
hV,A,hA,C,P,hP,,,,,,
hV,A,hA,hC,P,hP,,,,,,
hV,A,Je,hJe,S,hS,,,,,,
hV,A,Je,hJe,S,C,,,,,,
hV,A,Je,hJe,S,hC,,,,,,
hV,A,Je,hJe,S,P,,,,,,
hV,A,Je,hJe,S,hP,,,,,,
hV,A,Je,hJe,hS,C,,,,,,
hV,A,Je,hJe,hS,hC,,,,,,
hV,A,Je,hJe,hS,P,,,,,,
hV,A,Je,hJe,hS,hP,,,,,,
hV,A,Je,hJe,C,hC,,,,,,
hV,A,Je,hJe,C,P,,,,,,
hV,A,Je,hJe,C,hP,,,,,,
hV,A,Je,hJe,hC,P,,,,,,
hV,A,Je,hJe,hC,hP,,,,,,
hV,A,Je,hJe,P,hP,,,,,,
hV,A,Je,S,hS,C,,,,,,
hV,A,Je,S,hS,hC,,,,,,
hV,A,Je,S,hS,P,,,,,,
hV,A,Je,S,hS,hP,,,,,,
hV,A,Je,S,C,hC,,,,,,
hV,A,Je,S,C,P,,,,,,
hV,A,Je,S,C,hP,,,,,,
hV,A,Je,S,hC,P,,,,,,
hV,A,Je,S,hC,hP,,,,,,
hV,A,Je,S,P,hP,,,,,,
hV,A,Je,hS,C,hC,,,,,,
hV,A,Je,hS,C,P,,,,,,
hV,A,Je,hS,C,hP,,,,,,
hV,A,Je,hS,hC,P,,,,,,
hV,A,Je,hS,hC,hP,,,,,,
hV,A,Je,hS,P,hP,,,,,,
hV,A,Je,C,hC,P,,,,,,
hV,A,Je,C,hC,hP,,,,,,
hV,A,Je,C,P,hP,,,,,,
hV,A,Je,hC,P,hP,,,,,,
hV,A,hJe,S,hS,C,,,,,,
hV,A,hJe,S,hS,hC,,,,,,
hV,A,hJe,S,hS,P,,,,,,
hV,A,hJe,S,hS,hP,,,,,,
hV,A,hJe,S,C,hC,,,,,,
hV,A,hJe,S,C,P,,,,,,
hV,A,hJe,S,C,hP,,,,,,
hV,A,hJe,S,hC,P,,,,,,
hV,A,hJe,S,hC,hP,,,,,,
hV,A,hJe,S,P,hP,,,,,,
hV,A,hJe,hS,C,hC,,,,,,
hV,A,hJe,hS,C,P,,,,,,
hV,A,hJe,hS,C,hP,,,,,,
hV,A,hJe,hS,hC,P,,,,,,
hV,A,hJe,hS,hC,hP,,,,,,
hV,A,hJe,hS,P,hP,,,,,,
hV,A,hJe,C,hC,P,,,,,,
hV,A,hJe,C,hC,hP,,,,,,
hV,A,hJe,C,P,hP,,,,,,
hV,A,hJe,hC,P,hP,,,,,,
hV,A,S,hS,C,hC,,,,,,
hV,A,S,hS,C,P,,,,,,
hV,A,S,hS,C,hP,,,,,,
hV,A,S,hS,hC,P,,,,,,
hV,A,S,hS,hC,hP,,,,,,
hV,A,S,hS,P,hP,,,,,,
hV,A,S,C,hC,P,,,,,,
hV,A,S,C,hC,hP,,,,,,
hV,A,S,C,P,hP,,,,,,
hV,A,S,hC,P,hP,,,,,,
hV,A,hS,C,hC,P,,,,,,
hV,A,hS,C,hC,hP,,,,,,
hV,A,hS,C,P,hP,,,,,,
hV,A,hS,hC,P,hP,,,,,,
hV,A,C,hC,P,hP,,,,,,
hV,hA,Je,hJe,S,hS,,,,,,
hV,hA,Je,hJe,S,C,,,,,,
hV,hA,Je,hJe,S,hC,,,,,,
hV,hA,Je,hJe,S,P,,,,,,
hV,hA,Je,hJe,S,hP,,,,,,
hV,hA,Je,hJe,hS,C,,,,,,
hV,hA,Je,hJe,hS,hC,,,,,,
hV,hA,Je,hJe,hS,P,,,,,,
hV,hA,Je,hJe,hS,hP,,,,,,
hV,hA,Je,hJe,C,hC,,,,,,
hV,hA,Je,hJe,C,P,,,,,,
hV,hA,Je,hJe,C,hP,,,,,,
hV,hA,Je,hJe,hC,P,,,,,,
hV,hA,Je,hJe,hC,hP,,,,,,
hV,hA,Je,hJe,P,hP,,,,,,
hV,hA,Je,S,hS,C,,,,,,
hV,hA,Je,S,hS,hC,,,,,,
hV,hA,Je,S,hS,P,,,,,,
hV,hA,Je,S,hS,hP,,,,,,
hV,hA,Je,S,C,hC,,,,,,
hV,hA,Je,S,C,P,,,,,,
hV,hA,Je,S,C,hP,,,,,,
hV,hA,Je,S,hC,P,,,,,,
hV,hA,Je,S,hC,hP,,,,,,
hV,hA,Je,S,P,hP,,,,,,
hV,hA,Je,hS,C,hC,,,,,,
hV,hA,Je,hS,C,P,,,,,,
hV,hA,Je,hS,C,hP,,,,,,
hV,hA,Je,hS,hC,P,,,,,,
hV,hA,Je,hS,hC,hP,,,,,,
hV,hA,Je,hS,P,hP,,,,,,
hV,hA,Je,C,hC,P,,,,,,
hV,hA,Je,C,hC,hP,,,,,,
hV,hA,Je,C,P,hP,,,,,,
hV,hA,Je,hC,P,hP,,,,,,
hV,hA,hJe,S,hS,C,,,,,,
hV,hA,hJe,S,hS,hC,,,,,,
hV,hA,hJe,S,hS,P,,,,,,
hV,hA,hJe,S,hS,hP,,,,,,
hV,hA,hJe,S,C,hC,,,,,,
hV,hA,hJe,S,C,P,,,,,,
hV,hA,hJe,S,C,hP,,,,,,
hV,hA,hJe,S,hC,P,,,,,,
hV,hA,hJe,S,hC,hP,,,,,,
hV,hA,hJe,S,P,hP,,,,,,
hV,hA,hJe,hS,C,hC,,,,,,
hV,hA,hJe,hS,C,P,,,,,,
hV,hA,hJe,hS,C,hP,,,,,,
hV,hA,hJe,hS,hC,P,,,,,,
hV,hA,hJe,hS,hC,hP,,,,,,
hV,hA,hJe,hS,P,hP,,,,,,
hV,hA,hJe,C,hC,P,,,,,,
hV,hA,hJe,C,hC,hP,,,,,,
hV,hA,hJe,C,P,hP,,,,,,
hV,hA,hJe,hC,P,hP,,,,,,
hV,hA,S,hS,C,hC,,,,,,
hV,hA,S,hS,C,P,,,,,,
hV,hA,S,hS,C,hP,,,,,,
hV,hA,S,hS,hC,P,,,,,,
hV,hA,S,hS,hC,hP,,,,,,
hV,hA,S,hS,P,hP,,,,,,
hV,hA,S,C,hC,P,,,,,,
hV,hA,S,C,hC,hP,,,,,,
hV,hA,S,C,P,hP,,,,,,
hV,hA,S,hC,P,hP,,,,,,
hV,hA,hS,C,hC,P,,,,,,
hV,hA,hS,C,hC,hP,,,,,,
hV,hA,hS,C,P,hP,,,,,,
hV,hA,hS,hC,P,hP,,,,,,
hV,hA,C,hC,P,hP,,,,,,
hV,Je,hJe,S,hS,C,,,,,,
hV,Je,hJe,S,hS,hC,,,,,,
hV,Je,hJe,S,hS,P,,,,,,
hV,Je,hJe,S,hS,hP,,,,,,
hV,Je,hJe,S,C,hC,,,,,,
hV,Je,hJe,S,C,P,,,,,,
hV,Je,hJe,S,C,hP,,,,,,
hV,Je,hJe,S,hC,P,,,,,,
hV,Je,hJe,S,hC,hP,,,,,,
hV,Je,hJe,S,P,hP,,,,,,
hV,Je,hJe,hS,C,hC,,,,,,
hV,Je,hJe,hS,C,P,,,,,,
hV,Je,hJe,hS,C,hP,,,,,,
hV,Je,hJe,hS,hC,P,,,,,,
hV,Je,hJe,hS,hC,hP,,,,,,
hV,Je,hJe,hS,P,hP,,,,,,
hV,Je,hJe,C,hC,P,,,,,,
hV,Je,hJe,C,hC,hP,,,,,,
hV,Je,hJe,C,P,hP,,,,,,
hV,Je,hJe,hC,P,hP,,,,,,
hV,Je,S,hS,C,hC,,,,,,
hV,Je,S,hS,C,P,,,,,,
hV,Je,S,hS,C,hP,,,,,,
hV,Je,S,hS,hC,P,,,,,,
hV,Je,S,hS,hC,hP,,,,,,
hV,Je,S,hS,P,hP,,,,,,
hV,Je,S,C,hC,P,,,,,,
hV,Je,S,C,hC,hP,,,,,,
hV,Je,S,C,P,hP,,,,,,
hV,Je,S,hC,P,hP,,,,,,
hV,Je,hS,C,hC,P,,,,,,
hV,Je,hS,C,hC,hP,,,,,,
hV,Je,hS,C,P,hP,,,,,,
hV,Je,hS,hC,P,hP,,,,,,
hV,Je,C,hC,P,hP,,,,,,
hV,hJe,S,hS,C,hC,,,,,,
hV,hJe,S,hS,C,P,,,,,,
hV,hJe,S,hS,C,hP,,,,,,
hV,hJe,S,hS,hC,P,,,,,,
hV,hJe,S,hS,hC,hP,,,,,,
hV,hJe,S,hS,P,hP,,,,,,
hV,hJe,S,C,hC,P,,,,,,
hV,hJe,S,C,hC,hP,,,,,,
hV,hJe,S,C,P,hP,,,,,,
hV,hJe,S,hC,P,hP,,,,,,
hV,hJe,hS,C,hC,P,,,,,,
hV,hJe,hS,C,hC,hP,,,,,,
hV,hJe,hS,C,P,hP,,,,,,
hV,hJe,hS,hC,P,hP,,,,,,
hV,hJe,C,hC,P,hP,,,,,,
hV,S,hS,C,hC,P,,,,,,
hV,S,hS,C,hC,hP,,,,,,
hV,S,hS,C,P,hP,,,,,,
hV,S,hS,hC,P,hP,,,,,,
hV,S,C,hC,P,hP,,,,,,
hV,hS,C,hC,P,hP,,,,,,
A,hA,Je,hJe,S,hS,,,,,,
A,hA,Je,hJe,S,C,,,,,,
A,hA,Je,hJe,S,hC,,,,,,
A,hA,Je,hJe,S,P,,,,,,
A,hA,Je,hJe,S,hP,,,,,,
A,hA,Je,hJe,hS,C,,,,,,
A,hA,Je,hJe,hS,hC,,,,,,
A,hA,Je,hJe,hS,P,,,,,,
A,hA,Je,hJe,hS,hP,,,,,,
A,hA,Je,hJe,C,hC,,,,,,
A,hA,Je,hJe,C,P,,,,,,
A,hA,Je,hJe,C,hP,,,,,,
A,hA,Je,hJe,hC,P,,,,,,
A,hA,Je,hJe,hC,hP,,,,,,
A,hA,Je,hJe,P,hP,,,,,,
A,hA,Je,S,hS,C,,,,,,
A,hA,Je,S,hS,hC,,,,,,
A,hA,Je,S,hS,P,,,,,,
A,hA,Je,S,hS,hP,,,,,,
A,hA,Je,S,C,hC,,,,,,
A,hA,Je,S,C,P,,,,,,
A,hA,Je,S,C,hP,,,,,,
A,hA,Je,S,hC,P,,,,,,
A,hA,Je,S,hC,hP,,,,,,
A,hA,Je,S,P,hP,,,,,,
A,hA,Je,hS,C,hC,,,,,,
A,hA,Je,hS,C,P,,,,,,
A,hA,Je,hS,C,hP,,,,,,
A,hA,Je,hS,hC,P,,,,,,
A,hA,Je,hS,hC,hP,,,,,,
A,hA,Je,hS,P,hP,,,,,,
A,hA,Je,C,hC,P,,,,,,
A,hA,Je,C,hC,hP,,,,,,
A,hA,Je,C,P,hP,,,,,,
A,hA,Je,hC,P,hP,,,,,,
A,hA,hJe,S,hS,C,,,,,,
A,hA,hJe,S,hS,hC,,,,,,
A,hA,hJe,S,hS,P,,,,,,
A,hA,hJe,S,hS,hP,,,,,,
A,hA,hJe,S,C,hC,,,,,,
A,hA,hJe,S,C,P,,,,,,
A,hA,hJe,S,C,hP,,,,,,
A,hA,hJe,S,hC,P,,,,,,
A,hA,hJe,S,hC,hP,,,,,,
A,hA,hJe,S,P,hP,,,,,,
A,hA,hJe,hS,C,hC,,,,,,
A,hA,hJe,hS,C,P,,,,,,
A,hA,hJe,hS,C,hP,,,,,,
A,hA,hJe,hS,hC,P,,,,,,
A,hA,hJe,hS,hC,hP,,,,,,
A,hA,hJe,hS,P,hP,,,,,,
A,hA,hJe,C,hC,P,,,,,,
A,hA,hJe,C,hC,hP,,,,,,
A,hA,hJe,C,P,hP,,,,,,
A,hA,hJe,hC,P,hP,,,,,,
A,hA,S,hS,C,hC,,,,,,
A,hA,S,hS,C,P,,,,,,
A,hA,S,hS,C,hP,,,,,,
A,hA,S,hS,hC,P,,,,,,
A,hA,S,hS,hC,hP,,,,,,
A,hA,S,hS,P,hP,,,,,,
A,hA,S,C,hC,P,,,,,,
A,hA,S,C,hC,hP,,,,,,
A,hA,S,C,P,hP,,,,,,
A,hA,S,hC,P,hP,,,,,,
A,hA,hS,C,hC,P,,,,,,
A,hA,hS,C,hC,hP,,,,,,
A,hA,hS,C,P,hP,,,,,,
A,hA,hS,hC,P,hP,,,,,,
A,hA,C,hC,P,hP,,,,,,
A,Je,hJe,S,hS,C,,,,,,
A,Je,hJe,S,hS,hC,,,,,,
A,Je,hJe,S,hS,P,,,,,,
A,Je,hJe,S,hS,hP,,,,,,
A,Je,hJe,S,C,hC,,,,,,
A,Je,hJe,S,C,P,,,,,,
A,Je,hJe,S,C,hP,,,,,,
A,Je,hJe,S,hC,P,,,,,,
A,Je,hJe,S,hC,hP,,,,,,
A,Je,hJe,S,P,hP,,,,,,
A,Je,hJe,hS,C,hC,,,,,,
A,Je,hJe,hS,C,P,,,,,,
A,Je,hJe,hS,C,hP,,,,,,
A,Je,hJe,hS,hC,P,,,,,,
A,Je,hJe,hS,hC,hP,,,,,,
A,Je,hJe,hS,P,hP,,,,,,
A,Je,hJe,C,hC,P,,,,,,
A,Je,hJe,C,hC,hP,,,,,,
A,Je,hJe,C,P,hP,,,,,,
A,Je,hJe,hC,P,hP,,,,,,
A,Je,S,hS,C,hC,,,,,,
A,Je,S,hS,C,P,,,,,,
A,Je,S,hS,C,hP,,,,,,
A,Je,S,hS,hC,P,,,,,,
A,Je,S,hS,hC,hP,,,,,,
A,Je,S,hS,P,hP,,,,,,
A,Je,S,C,hC,P,,,,,,
A,Je,S,C,hC,hP,,,,,,
A,Je,S,C,P,hP,,,,,,
A,Je,S,hC,P,hP,,,,,,
A,Je,hS,C,hC,P,,,,,,
A,Je,hS,C,hC,hP,,,,,,
A,Je,hS,C,P,hP,,,,,,
A,Je,hS,hC,P,hP,,,,,,
A,Je,C,hC,P,hP,,,,,,
A,hJe,S,hS,C,hC,,,,,,
A,hJe,S,hS,C,P,,,,,,
A,hJe,S,hS,C,hP,,,,,,
A,hJe,S,hS,hC,P,,,,,,
A,hJe,S,hS,hC,hP,,,,,,
A,hJe,S,hS,P,hP,,,,,,
A,hJe,S,C,hC,P,,,,,,
A,hJe,S,C,hC,hP,,,,,,
A,hJe,S,C,P,hP,,,,,,
A,hJe,S,hC,P,hP,,,,,,
A,hJe,hS,C,hC,P,,,,,,
A,hJe,hS,C,hC,hP,,,,,,
A,hJe,hS,C,P,hP,,,,,,
A,hJe,hS,hC,P,hP,,,,,,
A,hJe,C,hC,P,hP,,,,,,
A,S,hS,C,hC,P,,,,,,
A,S,hS,C,hC,hP,,,,,,
A,S,hS,C,P,hP,,,,,,
A,S,hS,hC,P,hP,,,,,,
A,S,C,hC,P,hP,,,,,,
A,hS,C,hC,P,hP,,,,,,
hA,Je,hJe,S,hS,C,,,,,,
hA,Je,hJe,S,hS,hC,,,,,,
hA,Je,hJe,S,hS,P,,,,,,
hA,Je,hJe,S,hS,hP,,,,,,
hA,Je,hJe,S,C,hC,,,,,,
hA,Je,hJe,S,C,P,,,,,,
hA,Je,hJe,S,C,hP,,,,,,
hA,Je,hJe,S,hC,P,,,,,,
hA,Je,hJe,S,hC,hP,,,,,,
hA,Je,hJe,S,P,hP,,,,,,
hA,Je,hJe,hS,C,hC,,,,,,
hA,Je,hJe,hS,C,P,,,,,,
hA,Je,hJe,hS,C,hP,,,,,,
hA,Je,hJe,hS,hC,P,,,,,,
hA,Je,hJe,hS,hC,hP,,,,,,
hA,Je,hJe,hS,P,hP,,,,,,
hA,Je,hJe,C,hC,P,,,,,,
hA,Je,hJe,C,hC,hP,,,,,,
hA,Je,hJe,C,P,hP,,,,,,
hA,Je,hJe,hC,P,hP,,,,,,
hA,Je,S,hS,C,hC,,,,,,
hA,Je,S,hS,C,P,,,,,,
hA,Je,S,hS,C,hP,,,,,,
hA,Je,S,hS,hC,P,,,,,,
hA,Je,S,hS,hC,hP,,,,,,
hA,Je,S,hS,P,hP,,,,,,
hA,Je,S,C,hC,P,,,,,,
hA,Je,S,C,hC,hP,,,,,,
hA,Je,S,C,P,hP,,,,,,
hA,Je,S,hC,P,hP,,,,,,
hA,Je,hS,C,hC,P,,,,,,
hA,Je,hS,C,hC,hP,,,,,,
hA,Je,hS,C,P,hP,,,,,,
hA,Je,hS,hC,P,hP,,,,,,
hA,Je,C,hC,P,hP,,,,,,
hA,hJe,S,hS,C,hC,,,,,,
hA,hJe,S,hS,C,P,,,,,,
hA,hJe,S,hS,C,hP,,,,,,
hA,hJe,S,hS,hC,P,,,,,,
hA,hJe,S,hS,hC,hP,,,,,,
hA,hJe,S,hS,P,hP,,,,,,
hA,hJe,S,C,hC,P,,,,,,
hA,hJe,S,C,hC,hP,,,,,,
hA,hJe,S,C,P,hP,,,,,,
hA,hJe,S,hC,P,hP,,,,,,
hA,hJe,hS,C,hC,P,,,,,,
hA,hJe,hS,C,hC,hP,,,,,,
hA,hJe,hS,C,P,hP,,,,,,
hA,hJe,hS,hC,P,hP,,,,,,
hA,hJe,C,hC,P,hP,,,,,,
hA,S,hS,C,hC,P,,,,,,
hA,S,hS,C,hC,hP,,,,,,
hA,S,hS,C,P,hP,,,,,,
hA,S,hS,hC,P,hP,,,,,,
hA,S,C,hC,P,hP,,,,,,
hA,hS,C,hC,P,hP,,,,,,
Je,hJe,S,hS,C,hC,,,,,,
Je,hJe,S,hS,C,P,,,,,,
Je,hJe,S,hS,C,hP,,,,,,
Je,hJe,S,hS,hC,P,,,,,,
Je,hJe,S,hS,hC,hP,,,,,,
Je,hJe,S,hS,P,hP,,,,,,
Je,hJe,S,C,hC,P,,,,,,
Je,hJe,S,C,hC,hP,,,,,,
Je,hJe,S,C,P,hP,,,,,,
Je,hJe,S,hC,P,hP,,,,,,
Je,hJe,hS,C,hC,P,,,,,,
Je,hJe,hS,C,hC,hP,,,,,,
Je,hJe,hS,C,P,hP,,,,,,
Je,hJe,hS,hC,P,hP,,,,,,
Je,hJe,C,hC,P,hP,,,,,,
Je,S,hS,C,hC,P,,,,,,
Je,S,hS,C,hC,hP,,,,,,
Je,S,hS,C,P,hP,,,,,,
Je,S,hS,hC,P,hP,,,,,,
Je,S,C,hC,P,hP,,,,,,
Je,hS,C,hC,P,hP,,,,,,
hJe,S,hS,C,hC,P,,,,,,
hJe,S,hS,C,hC,hP,,,,,,
hJe,S,hS,C,P,hP,,,,,,
hJe,S,hS,hC,P,hP,,,,,,
hJe,S,C,hC,P,hP,,,,,,
hJe,hS,C,hC,P,hP,,,,,,
S,hS,C,hC,P,hP,,,,,,
V,hV,A,hA,Je,hJe,S,,,,,
V,hV,A,hA,Je,hJe,hS,,,,,
V,hV,A,hA,Je,hJe,C,,,,,
V,hV,A,hA,Je,hJe,hC,,,,,
V,hV,A,hA,Je,hJe,P,,,,,
V,hV,A,hA,Je,hJe,hP,,,,,
V,hV,A,hA,Je,S,hS,,,,,
V,hV,A,hA,Je,S,C,,,,,
V,hV,A,hA,Je,S,hC,,,,,
V,hV,A,hA,Je,S,P,,,,,
V,hV,A,hA,Je,S,hP,,,,,
V,hV,A,hA,Je,hS,C,,,,,
V,hV,A,hA,Je,hS,hC,,,,,
V,hV,A,hA,Je,hS,P,,,,,
V,hV,A,hA,Je,hS,hP,,,,,
V,hV,A,hA,Je,C,hC,,,,,
V,hV,A,hA,Je,C,P,,,,,
V,hV,A,hA,Je,C,hP,,,,,
V,hV,A,hA,Je,hC,P,,,,,
V,hV,A,hA,Je,hC,hP,,,,,
V,hV,A,hA,Je,P,hP,,,,,
V,hV,A,hA,hJe,S,hS,,,,,
V,hV,A,hA,hJe,S,C,,,,,
V,hV,A,hA,hJe,S,hC,,,,,
V,hV,A,hA,hJe,S,P,,,,,
V,hV,A,hA,hJe,S,hP,,,,,
V,hV,A,hA,hJe,hS,C,,,,,
V,hV,A,hA,hJe,hS,hC,,,,,
V,hV,A,hA,hJe,hS,P,,,,,
V,hV,A,hA,hJe,hS,hP,,,,,
V,hV,A,hA,hJe,C,hC,,,,,
V,hV,A,hA,hJe,C,P,,,,,
V,hV,A,hA,hJe,C,hP,,,,,
V,hV,A,hA,hJe,hC,P,,,,,
V,hV,A,hA,hJe,hC,hP,,,,,
V,hV,A,hA,hJe,P,hP,,,,,
V,hV,A,hA,S,hS,C,,,,,
V,hV,A,hA,S,hS,hC,,,,,
V,hV,A,hA,S,hS,P,,,,,
V,hV,A,hA,S,hS,hP,,,,,
V,hV,A,hA,S,C,hC,,,,,
V,hV,A,hA,S,C,P,,,,,
V,hV,A,hA,S,C,hP,,,,,
V,hV,A,hA,S,hC,P,,,,,
V,hV,A,hA,S,hC,hP,,,,,
V,hV,A,hA,S,P,hP,,,,,
V,hV,A,hA,hS,C,hC,,,,,
V,hV,A,hA,hS,C,P,,,,,
V,hV,A,hA,hS,C,hP,,,,,
V,hV,A,hA,hS,hC,P,,,,,
V,hV,A,hA,hS,hC,hP,,,,,
V,hV,A,hA,hS,P,hP,,,,,
V,hV,A,hA,C,hC,P,,,,,
V,hV,A,hA,C,hC,hP,,,,,
V,hV,A,hA,C,P,hP,,,,,
V,hV,A,hA,hC,P,hP,,,,,
V,hV,A,Je,hJe,S,hS,,,,,
V,hV,A,Je,hJe,S,C,,,,,
V,hV,A,Je,hJe,S,hC,,,,,
V,hV,A,Je,hJe,S,P,,,,,
V,hV,A,Je,hJe,S,hP,,,,,
V,hV,A,Je,hJe,hS,C,,,,,
V,hV,A,Je,hJe,hS,hC,,,,,
V,hV,A,Je,hJe,hS,P,,,,,
V,hV,A,Je,hJe,hS,hP,,,,,
V,hV,A,Je,hJe,C,hC,,,,,
V,hV,A,Je,hJe,C,P,,,,,
V,hV,A,Je,hJe,C,hP,,,,,
V,hV,A,Je,hJe,hC,P,,,,,
V,hV,A,Je,hJe,hC,hP,,,,,
V,hV,A,Je,hJe,P,hP,,,,,
V,hV,A,Je,S,hS,C,,,,,
V,hV,A,Je,S,hS,hC,,,,,
V,hV,A,Je,S,hS,P,,,,,
V,hV,A,Je,S,hS,hP,,,,,
V,hV,A,Je,S,C,hC,,,,,
V,hV,A,Je,S,C,P,,,,,
V,hV,A,Je,S,C,hP,,,,,
V,hV,A,Je,S,hC,P,,,,,
V,hV,A,Je,S,hC,hP,,,,,
V,hV,A,Je,S,P,hP,,,,,
V,hV,A,Je,hS,C,hC,,,,,
V,hV,A,Je,hS,C,P,,,,,
V,hV,A,Je,hS,C,hP,,,,,
V,hV,A,Je,hS,hC,P,,,,,
V,hV,A,Je,hS,hC,hP,,,,,
V,hV,A,Je,hS,P,hP,,,,,
V,hV,A,Je,C,hC,P,,,,,
V,hV,A,Je,C,hC,hP,,,,,
V,hV,A,Je,C,P,hP,,,,,
V,hV,A,Je,hC,P,hP,,,,,
V,hV,A,hJe,S,hS,C,,,,,
V,hV,A,hJe,S,hS,hC,,,,,
V,hV,A,hJe,S,hS,P,,,,,
V,hV,A,hJe,S,hS,hP,,,,,
V,hV,A,hJe,S,C,hC,,,,,
V,hV,A,hJe,S,C,P,,,,,
V,hV,A,hJe,S,C,hP,,,,,
V,hV,A,hJe,S,hC,P,,,,,
V,hV,A,hJe,S,hC,hP,,,,,
V,hV,A,hJe,S,P,hP,,,,,
V,hV,A,hJe,hS,C,hC,,,,,
V,hV,A,hJe,hS,C,P,,,,,
V,hV,A,hJe,hS,C,hP,,,,,
V,hV,A,hJe,hS,hC,P,,,,,
V,hV,A,hJe,hS,hC,hP,,,,,
V,hV,A,hJe,hS,P,hP,,,,,
V,hV,A,hJe,C,hC,P,,,,,
V,hV,A,hJe,C,hC,hP,,,,,
V,hV,A,hJe,C,P,hP,,,,,
V,hV,A,hJe,hC,P,hP,,,,,
V,hV,A,S,hS,C,hC,,,,,
V,hV,A,S,hS,C,P,,,,,
V,hV,A,S,hS,C,hP,,,,,
V,hV,A,S,hS,hC,P,,,,,
V,hV,A,S,hS,hC,hP,,,,,
V,hV,A,S,hS,P,hP,,,,,
V,hV,A,S,C,hC,P,,,,,
V,hV,A,S,C,hC,hP,,,,,
V,hV,A,S,C,P,hP,,,,,
V,hV,A,S,hC,P,hP,,,,,
V,hV,A,hS,C,hC,P,,,,,
V,hV,A,hS,C,hC,hP,,,,,
V,hV,A,hS,C,P,hP,,,,,
V,hV,A,hS,hC,P,hP,,,,,
V,hV,A,C,hC,P,hP,,,,,
V,hV,hA,Je,hJe,S,hS,,,,,
V,hV,hA,Je,hJe,S,C,,,,,
V,hV,hA,Je,hJe,S,hC,,,,,
V,hV,hA,Je,hJe,S,P,,,,,
V,hV,hA,Je,hJe,S,hP,,,,,
V,hV,hA,Je,hJe,hS,C,,,,,
V,hV,hA,Je,hJe,hS,hC,,,,,
V,hV,hA,Je,hJe,hS,P,,,,,
V,hV,hA,Je,hJe,hS,hP,,,,,
V,hV,hA,Je,hJe,C,hC,,,,,
V,hV,hA,Je,hJe,C,P,,,,,
V,hV,hA,Je,hJe,C,hP,,,,,
V,hV,hA,Je,hJe,hC,P,,,,,
V,hV,hA,Je,hJe,hC,hP,,,,,
V,hV,hA,Je,hJe,P,hP,,,,,
V,hV,hA,Je,S,hS,C,,,,,
V,hV,hA,Je,S,hS,hC,,,,,
V,hV,hA,Je,S,hS,P,,,,,
V,hV,hA,Je,S,hS,hP,,,,,
V,hV,hA,Je,S,C,hC,,,,,
V,hV,hA,Je,S,C,P,,,,,
V,hV,hA,Je,S,C,hP,,,,,
V,hV,hA,Je,S,hC,P,,,,,
V,hV,hA,Je,S,hC,hP,,,,,
V,hV,hA,Je,S,P,hP,,,,,
V,hV,hA,Je,hS,C,hC,,,,,
V,hV,hA,Je,hS,C,P,,,,,
V,hV,hA,Je,hS,C,hP,,,,,
V,hV,hA,Je,hS,hC,P,,,,,
V,hV,hA,Je,hS,hC,hP,,,,,
V,hV,hA,Je,hS,P,hP,,,,,
V,hV,hA,Je,C,hC,P,,,,,
V,hV,hA,Je,C,hC,hP,,,,,
V,hV,hA,Je,C,P,hP,,,,,
V,hV,hA,Je,hC,P,hP,,,,,
V,hV,hA,hJe,S,hS,C,,,,,
V,hV,hA,hJe,S,hS,hC,,,,,
V,hV,hA,hJe,S,hS,P,,,,,
V,hV,hA,hJe,S,hS,hP,,,,,
V,hV,hA,hJe,S,C,hC,,,,,
V,hV,hA,hJe,S,C,P,,,,,
V,hV,hA,hJe,S,C,hP,,,,,
V,hV,hA,hJe,S,hC,P,,,,,
V,hV,hA,hJe,S,hC,hP,,,,,
V,hV,hA,hJe,S,P,hP,,,,,
V,hV,hA,hJe,hS,C,hC,,,,,
V,hV,hA,hJe,hS,C,P,,,,,
V,hV,hA,hJe,hS,C,hP,,,,,
V,hV,hA,hJe,hS,hC,P,,,,,
V,hV,hA,hJe,hS,hC,hP,,,,,
V,hV,hA,hJe,hS,P,hP,,,,,
V,hV,hA,hJe,C,hC,P,,,,,
V,hV,hA,hJe,C,hC,hP,,,,,
V,hV,hA,hJe,C,P,hP,,,,,
V,hV,hA,hJe,hC,P,hP,,,,,
V,hV,hA,S,hS,C,hC,,,,,
V,hV,hA,S,hS,C,P,,,,,
V,hV,hA,S,hS,C,hP,,,,,
V,hV,hA,S,hS,hC,P,,,,,
V,hV,hA,S,hS,hC,hP,,,,,
V,hV,hA,S,hS,P,hP,,,,,
V,hV,hA,S,C,hC,P,,,,,
V,hV,hA,S,C,hC,hP,,,,,
V,hV,hA,S,C,P,hP,,,,,
V,hV,hA,S,hC,P,hP,,,,,
V,hV,hA,hS,C,hC,P,,,,,
V,hV,hA,hS,C,hC,hP,,,,,
V,hV,hA,hS,C,P,hP,,,,,
V,hV,hA,hS,hC,P,hP,,,,,
V,hV,hA,C,hC,P,hP,,,,,
V,hV,Je,hJe,S,hS,C,,,,,
V,hV,Je,hJe,S,hS,hC,,,,,
V,hV,Je,hJe,S,hS,P,,,,,
V,hV,Je,hJe,S,hS,hP,,,,,
V,hV,Je,hJe,S,C,hC,,,,,
V,hV,Je,hJe,S,C,P,,,,,
V,hV,Je,hJe,S,C,hP,,,,,
V,hV,Je,hJe,S,hC,P,,,,,
V,hV,Je,hJe,S,hC,hP,,,,,
V,hV,Je,hJe,S,P,hP,,,,,
V,hV,Je,hJe,hS,C,hC,,,,,
V,hV,Je,hJe,hS,C,P,,,,,
V,hV,Je,hJe,hS,C,hP,,,,,
V,hV,Je,hJe,hS,hC,P,,,,,
V,hV,Je,hJe,hS,hC,hP,,,,,
V,hV,Je,hJe,hS,P,hP,,,,,
V,hV,Je,hJe,C,hC,P,,,,,
V,hV,Je,hJe,C,hC,hP,,,,,
V,hV,Je,hJe,C,P,hP,,,,,
V,hV,Je,hJe,hC,P,hP,,,,,
V,hV,Je,S,hS,C,hC,,,,,
V,hV,Je,S,hS,C,P,,,,,
V,hV,Je,S,hS,C,hP,,,,,
V,hV,Je,S,hS,hC,P,,,,,
V,hV,Je,S,hS,hC,hP,,,,,
V,hV,Je,S,hS,P,hP,,,,,
V,hV,Je,S,C,hC,P,,,,,
V,hV,Je,S,C,hC,hP,,,,,
V,hV,Je,S,C,P,hP,,,,,
V,hV,Je,S,hC,P,hP,,,,,
V,hV,Je,hS,C,hC,P,,,,,
V,hV,Je,hS,C,hC,hP,,,,,
V,hV,Je,hS,C,P,hP,,,,,
V,hV,Je,hS,hC,P,hP,,,,,
V,hV,Je,C,hC,P,hP,,,,,
V,hV,hJe,S,hS,C,hC,,,,,
V,hV,hJe,S,hS,C,P,,,,,
V,hV,hJe,S,hS,C,hP,,,,,
V,hV,hJe,S,hS,hC,P,,,,,
V,hV,hJe,S,hS,hC,hP,,,,,
V,hV,hJe,S,hS,P,hP,,,,,
V,hV,hJe,S,C,hC,P,,,,,
V,hV,hJe,S,C,hC,hP,,,,,
V,hV,hJe,S,C,P,hP,,,,,
V,hV,hJe,S,hC,P,hP,,,,,
V,hV,hJe,hS,C,hC,P,,,,,
V,hV,hJe,hS,C,hC,hP,,,,,
V,hV,hJe,hS,C,P,hP,,,,,
V,hV,hJe,hS,hC,P,hP,,,,,
V,hV,hJe,C,hC,P,hP,,,,,
V,hV,S,hS,C,hC,P,,,,,
V,hV,S,hS,C,hC,hP,,,,,
V,hV,S,hS,C,P,hP,,,,,
V,hV,S,hS,hC,P,hP,,,,,
V,hV,S,C,hC,P,hP,,,,,
V,hV,hS,C,hC,P,hP,,,,,
V,A,hA,Je,hJe,S,hS,,,,,
V,A,hA,Je,hJe,S,C,,,,,
V,A,hA,Je,hJe,S,hC,,,,,
V,A,hA,Je,hJe,S,P,,,,,
V,A,hA,Je,hJe,S,hP,,,,,
V,A,hA,Je,hJe,hS,C,,,,,
V,A,hA,Je,hJe,hS,hC,,,,,
V,A,hA,Je,hJe,hS,P,,,,,
V,A,hA,Je,hJe,hS,hP,,,,,
V,A,hA,Je,hJe,C,hC,,,,,
V,A,hA,Je,hJe,C,P,,,,,
V,A,hA,Je,hJe,C,hP,,,,,
V,A,hA,Je,hJe,hC,P,,,,,
V,A,hA,Je,hJe,hC,hP,,,,,
V,A,hA,Je,hJe,P,hP,,,,,
V,A,hA,Je,S,hS,C,,,,,
V,A,hA,Je,S,hS,hC,,,,,
V,A,hA,Je,S,hS,P,,,,,
V,A,hA,Je,S,hS,hP,,,,,
V,A,hA,Je,S,C,hC,,,,,
V,A,hA,Je,S,C,P,,,,,
V,A,hA,Je,S,C,hP,,,,,
V,A,hA,Je,S,hC,P,,,,,
V,A,hA,Je,S,hC,hP,,,,,
V,A,hA,Je,S,P,hP,,,,,
V,A,hA,Je,hS,C,hC,,,,,
V,A,hA,Je,hS,C,P,,,,,
V,A,hA,Je,hS,C,hP,,,,,
V,A,hA,Je,hS,hC,P,,,,,
V,A,hA,Je,hS,hC,hP,,,,,
V,A,hA,Je,hS,P,hP,,,,,
V,A,hA,Je,C,hC,P,,,,,
V,A,hA,Je,C,hC,hP,,,,,
V,A,hA,Je,C,P,hP,,,,,
V,A,hA,Je,hC,P,hP,,,,,
V,A,hA,hJe,S,hS,C,,,,,
V,A,hA,hJe,S,hS,hC,,,,,
V,A,hA,hJe,S,hS,P,,,,,
V,A,hA,hJe,S,hS,hP,,,,,
V,A,hA,hJe,S,C,hC,,,,,
V,A,hA,hJe,S,C,P,,,,,
V,A,hA,hJe,S,C,hP,,,,,
V,A,hA,hJe,S,hC,P,,,,,
V,A,hA,hJe,S,hC,hP,,,,,
V,A,hA,hJe,S,P,hP,,,,,
V,A,hA,hJe,hS,C,hC,,,,,
V,A,hA,hJe,hS,C,P,,,,,
V,A,hA,hJe,hS,C,hP,,,,,
V,A,hA,hJe,hS,hC,P,,,,,
V,A,hA,hJe,hS,hC,hP,,,,,
V,A,hA,hJe,hS,P,hP,,,,,
V,A,hA,hJe,C,hC,P,,,,,
V,A,hA,hJe,C,hC,hP,,,,,
V,A,hA,hJe,C,P,hP,,,,,
V,A,hA,hJe,hC,P,hP,,,,,
V,A,hA,S,hS,C,hC,,,,,
V,A,hA,S,hS,C,P,,,,,
V,A,hA,S,hS,C,hP,,,,,
V,A,hA,S,hS,hC,P,,,,,
V,A,hA,S,hS,hC,hP,,,,,
V,A,hA,S,hS,P,hP,,,,,
V,A,hA,S,C,hC,P,,,,,
V,A,hA,S,C,hC,hP,,,,,
V,A,hA,S,C,P,hP,,,,,
V,A,hA,S,hC,P,hP,,,,,
V,A,hA,hS,C,hC,P,,,,,
V,A,hA,hS,C,hC,hP,,,,,
V,A,hA,hS,C,P,hP,,,,,
V,A,hA,hS,hC,P,hP,,,,,
V,A,hA,C,hC,P,hP,,,,,
V,A,Je,hJe,S,hS,C,,,,,
V,A,Je,hJe,S,hS,hC,,,,,
V,A,Je,hJe,S,hS,P,,,,,
V,A,Je,hJe,S,hS,hP,,,,,
V,A,Je,hJe,S,C,hC,,,,,
V,A,Je,hJe,S,C,P,,,,,
V,A,Je,hJe,S,C,hP,,,,,
V,A,Je,hJe,S,hC,P,,,,,
V,A,Je,hJe,S,hC,hP,,,,,
V,A,Je,hJe,S,P,hP,,,,,
V,A,Je,hJe,hS,C,hC,,,,,
V,A,Je,hJe,hS,C,P,,,,,
V,A,Je,hJe,hS,C,hP,,,,,
V,A,Je,hJe,hS,hC,P,,,,,
V,A,Je,hJe,hS,hC,hP,,,,,
V,A,Je,hJe,hS,P,hP,,,,,
V,A,Je,hJe,C,hC,P,,,,,
V,A,Je,hJe,C,hC,hP,,,,,
V,A,Je,hJe,C,P,hP,,,,,
V,A,Je,hJe,hC,P,hP,,,,,
V,A,Je,S,hS,C,hC,,,,,
V,A,Je,S,hS,C,P,,,,,
V,A,Je,S,hS,C,hP,,,,,
V,A,Je,S,hS,hC,P,,,,,
V,A,Je,S,hS,hC,hP,,,,,
V,A,Je,S,hS,P,hP,,,,,
V,A,Je,S,C,hC,P,,,,,
V,A,Je,S,C,hC,hP,,,,,
V,A,Je,S,C,P,hP,,,,,
V,A,Je,S,hC,P,hP,,,,,
V,A,Je,hS,C,hC,P,,,,,
V,A,Je,hS,C,hC,hP,,,,,
V,A,Je,hS,C,P,hP,,,,,
V,A,Je,hS,hC,P,hP,,,,,
V,A,Je,C,hC,P,hP,,,,,
V,A,hJe,S,hS,C,hC,,,,,
V,A,hJe,S,hS,C,P,,,,,
V,A,hJe,S,hS,C,hP,,,,,
V,A,hJe,S,hS,hC,P,,,,,
V,A,hJe,S,hS,hC,hP,,,,,
V,A,hJe,S,hS,P,hP,,,,,
V,A,hJe,S,C,hC,P,,,,,
V,A,hJe,S,C,hC,hP,,,,,
V,A,hJe,S,C,P,hP,,,,,
V,A,hJe,S,hC,P,hP,,,,,
V,A,hJe,hS,C,hC,P,,,,,
V,A,hJe,hS,C,hC,hP,,,,,
V,A,hJe,hS,C,P,hP,,,,,
V,A,hJe,hS,hC,P,hP,,,,,
V,A,hJe,C,hC,P,hP,,,,,
V,A,S,hS,C,hC,P,,,,,
V,A,S,hS,C,hC,hP,,,,,
V,A,S,hS,C,P,hP,,,,,
V,A,S,hS,hC,P,hP,,,,,
V,A,S,C,hC,P,hP,,,,,
V,A,hS,C,hC,P,hP,,,,,
V,hA,Je,hJe,S,hS,C,,,,,
V,hA,Je,hJe,S,hS,hC,,,,,
V,hA,Je,hJe,S,hS,P,,,,,
V,hA,Je,hJe,S,hS,hP,,,,,
V,hA,Je,hJe,S,C,hC,,,,,
V,hA,Je,hJe,S,C,P,,,,,
V,hA,Je,hJe,S,C,hP,,,,,
V,hA,Je,hJe,S,hC,P,,,,,
V,hA,Je,hJe,S,hC,hP,,,,,
V,hA,Je,hJe,S,P,hP,,,,,
V,hA,Je,hJe,hS,C,hC,,,,,
V,hA,Je,hJe,hS,C,P,,,,,
V,hA,Je,hJe,hS,C,hP,,,,,
V,hA,Je,hJe,hS,hC,P,,,,,
V,hA,Je,hJe,hS,hC,hP,,,,,
V,hA,Je,hJe,hS,P,hP,,,,,
V,hA,Je,hJe,C,hC,P,,,,,
V,hA,Je,hJe,C,hC,hP,,,,,
V,hA,Je,hJe,C,P,hP,,,,,
V,hA,Je,hJe,hC,P,hP,,,,,
V,hA,Je,S,hS,C,hC,,,,,
V,hA,Je,S,hS,C,P,,,,,
V,hA,Je,S,hS,C,hP,,,,,
V,hA,Je,S,hS,hC,P,,,,,
V,hA,Je,S,hS,hC,hP,,,,,
V,hA,Je,S,hS,P,hP,,,,,
V,hA,Je,S,C,hC,P,,,,,
V,hA,Je,S,C,hC,hP,,,,,
V,hA,Je,S,C,P,hP,,,,,
V,hA,Je,S,hC,P,hP,,,,,
V,hA,Je,hS,C,hC,P,,,,,
V,hA,Je,hS,C,hC,hP,,,,,
V,hA,Je,hS,C,P,hP,,,,,
V,hA,Je,hS,hC,P,hP,,,,,
V,hA,Je,C,hC,P,hP,,,,,
V,hA,hJe,S,hS,C,hC,,,,,
V,hA,hJe,S,hS,C,P,,,,,
V,hA,hJe,S,hS,C,hP,,,,,
V,hA,hJe,S,hS,hC,P,,,,,
V,hA,hJe,S,hS,hC,hP,,,,,
V,hA,hJe,S,hS,P,hP,,,,,
V,hA,hJe,S,C,hC,P,,,,,
V,hA,hJe,S,C,hC,hP,,,,,
V,hA,hJe,S,C,P,hP,,,,,
V,hA,hJe,S,hC,P,hP,,,,,
V,hA,hJe,hS,C,hC,P,,,,,
V,hA,hJe,hS,C,hC,hP,,,,,
V,hA,hJe,hS,C,P,hP,,,,,
V,hA,hJe,hS,hC,P,hP,,,,,
V,hA,hJe,C,hC,P,hP,,,,,
V,hA,S,hS,C,hC,P,,,,,
V,hA,S,hS,C,hC,hP,,,,,
V,hA,S,hS,C,P,hP,,,,,
V,hA,S,hS,hC,P,hP,,,,,
V,hA,S,C,hC,P,hP,,,,,
V,hA,hS,C,hC,P,hP,,,,,
V,Je,hJe,S,hS,C,hC,,,,,
V,Je,hJe,S,hS,C,P,,,,,
V,Je,hJe,S,hS,C,hP,,,,,
V,Je,hJe,S,hS,hC,P,,,,,
V,Je,hJe,S,hS,hC,hP,,,,,
V,Je,hJe,S,hS,P,hP,,,,,
V,Je,hJe,S,C,hC,P,,,,,
V,Je,hJe,S,C,hC,hP,,,,,
V,Je,hJe,S,C,P,hP,,,,,
V,Je,hJe,S,hC,P,hP,,,,,
V,Je,hJe,hS,C,hC,P,,,,,
V,Je,hJe,hS,C,hC,hP,,,,,
V,Je,hJe,hS,C,P,hP,,,,,
V,Je,hJe,hS,hC,P,hP,,,,,
V,Je,hJe,C,hC,P,hP,,,,,
V,Je,S,hS,C,hC,P,,,,,
V,Je,S,hS,C,hC,hP,,,,,
V,Je,S,hS,C,P,hP,,,,,
V,Je,S,hS,hC,P,hP,,,,,
V,Je,S,C,hC,P,hP,,,,,
V,Je,hS,C,hC,P,hP,,,,,
V,hJe,S,hS,C,hC,P,,,,,
V,hJe,S,hS,C,hC,hP,,,,,
V,hJe,S,hS,C,P,hP,,,,,
V,hJe,S,hS,hC,P,hP,,,,,
V,hJe,S,C,hC,P,hP,,,,,
V,hJe,hS,C,hC,P,hP,,,,,
V,S,hS,C,hC,P,hP,,,,,
hV,A,hA,Je,hJe,S,hS,,,,,
hV,A,hA,Je,hJe,S,C,,,,,
hV,A,hA,Je,hJe,S,hC,,,,,
hV,A,hA,Je,hJe,S,P,,,,,
hV,A,hA,Je,hJe,S,hP,,,,,
hV,A,hA,Je,hJe,hS,C,,,,,
hV,A,hA,Je,hJe,hS,hC,,,,,
hV,A,hA,Je,hJe,hS,P,,,,,
hV,A,hA,Je,hJe,hS,hP,,,,,
hV,A,hA,Je,hJe,C,hC,,,,,
hV,A,hA,Je,hJe,C,P,,,,,
hV,A,hA,Je,hJe,C,hP,,,,,
hV,A,hA,Je,hJe,hC,P,,,,,
hV,A,hA,Je,hJe,hC,hP,,,,,
hV,A,hA,Je,hJe,P,hP,,,,,
hV,A,hA,Je,S,hS,C,,,,,
hV,A,hA,Je,S,hS,hC,,,,,
hV,A,hA,Je,S,hS,P,,,,,
hV,A,hA,Je,S,hS,hP,,,,,
hV,A,hA,Je,S,C,hC,,,,,
hV,A,hA,Je,S,C,P,,,,,
hV,A,hA,Je,S,C,hP,,,,,
hV,A,hA,Je,S,hC,P,,,,,
hV,A,hA,Je,S,hC,hP,,,,,
hV,A,hA,Je,S,P,hP,,,,,
hV,A,hA,Je,hS,C,hC,,,,,
hV,A,hA,Je,hS,C,P,,,,,
hV,A,hA,Je,hS,C,hP,,,,,
hV,A,hA,Je,hS,hC,P,,,,,
hV,A,hA,Je,hS,hC,hP,,,,,
hV,A,hA,Je,hS,P,hP,,,,,
hV,A,hA,Je,C,hC,P,,,,,
hV,A,hA,Je,C,hC,hP,,,,,
hV,A,hA,Je,C,P,hP,,,,,
hV,A,hA,Je,hC,P,hP,,,,,
hV,A,hA,hJe,S,hS,C,,,,,
hV,A,hA,hJe,S,hS,hC,,,,,
hV,A,hA,hJe,S,hS,P,,,,,
hV,A,hA,hJe,S,hS,hP,,,,,
hV,A,hA,hJe,S,C,hC,,,,,
hV,A,hA,hJe,S,C,P,,,,,
hV,A,hA,hJe,S,C,hP,,,,,
hV,A,hA,hJe,S,hC,P,,,,,
hV,A,hA,hJe,S,hC,hP,,,,,
hV,A,hA,hJe,S,P,hP,,,,,
hV,A,hA,hJe,hS,C,hC,,,,,
hV,A,hA,hJe,hS,C,P,,,,,
hV,A,hA,hJe,hS,C,hP,,,,,
hV,A,hA,hJe,hS,hC,P,,,,,
hV,A,hA,hJe,hS,hC,hP,,,,,
hV,A,hA,hJe,hS,P,hP,,,,,
hV,A,hA,hJe,C,hC,P,,,,,
hV,A,hA,hJe,C,hC,hP,,,,,
hV,A,hA,hJe,C,P,hP,,,,,
hV,A,hA,hJe,hC,P,hP,,,,,
hV,A,hA,S,hS,C,hC,,,,,
hV,A,hA,S,hS,C,P,,,,,
hV,A,hA,S,hS,C,hP,,,,,
hV,A,hA,S,hS,hC,P,,,,,
hV,A,hA,S,hS,hC,hP,,,,,
hV,A,hA,S,hS,P,hP,,,,,
hV,A,hA,S,C,hC,P,,,,,
hV,A,hA,S,C,hC,hP,,,,,
hV,A,hA,S,C,P,hP,,,,,
hV,A,hA,S,hC,P,hP,,,,,
hV,A,hA,hS,C,hC,P,,,,,
hV,A,hA,hS,C,hC,hP,,,,,
hV,A,hA,hS,C,P,hP,,,,,
hV,A,hA,hS,hC,P,hP,,,,,
hV,A,hA,C,hC,P,hP,,,,,
hV,A,Je,hJe,S,hS,C,,,,,
hV,A,Je,hJe,S,hS,hC,,,,,
hV,A,Je,hJe,S,hS,P,,,,,
hV,A,Je,hJe,S,hS,hP,,,,,
hV,A,Je,hJe,S,C,hC,,,,,
hV,A,Je,hJe,S,C,P,,,,,
hV,A,Je,hJe,S,C,hP,,,,,
hV,A,Je,hJe,S,hC,P,,,,,
hV,A,Je,hJe,S,hC,hP,,,,,
hV,A,Je,hJe,S,P,hP,,,,,
hV,A,Je,hJe,hS,C,hC,,,,,
hV,A,Je,hJe,hS,C,P,,,,,
hV,A,Je,hJe,hS,C,hP,,,,,
hV,A,Je,hJe,hS,hC,P,,,,,
hV,A,Je,hJe,hS,hC,hP,,,,,
hV,A,Je,hJe,hS,P,hP,,,,,
hV,A,Je,hJe,C,hC,P,,,,,
hV,A,Je,hJe,C,hC,hP,,,,,
hV,A,Je,hJe,C,P,hP,,,,,
hV,A,Je,hJe,hC,P,hP,,,,,
hV,A,Je,S,hS,C,hC,,,,,
hV,A,Je,S,hS,C,P,,,,,
hV,A,Je,S,hS,C,hP,,,,,
hV,A,Je,S,hS,hC,P,,,,,
hV,A,Je,S,hS,hC,hP,,,,,
hV,A,Je,S,hS,P,hP,,,,,
hV,A,Je,S,C,hC,P,,,,,
hV,A,Je,S,C,hC,hP,,,,,
hV,A,Je,S,C,P,hP,,,,,
hV,A,Je,S,hC,P,hP,,,,,
hV,A,Je,hS,C,hC,P,,,,,
hV,A,Je,hS,C,hC,hP,,,,,
hV,A,Je,hS,C,P,hP,,,,,
hV,A,Je,hS,hC,P,hP,,,,,
hV,A,Je,C,hC,P,hP,,,,,
hV,A,hJe,S,hS,C,hC,,,,,
hV,A,hJe,S,hS,C,P,,,,,
hV,A,hJe,S,hS,C,hP,,,,,
hV,A,hJe,S,hS,hC,P,,,,,
hV,A,hJe,S,hS,hC,hP,,,,,
hV,A,hJe,S,hS,P,hP,,,,,
hV,A,hJe,S,C,hC,P,,,,,
hV,A,hJe,S,C,hC,hP,,,,,
hV,A,hJe,S,C,P,hP,,,,,
hV,A,hJe,S,hC,P,hP,,,,,
hV,A,hJe,hS,C,hC,P,,,,,
hV,A,hJe,hS,C,hC,hP,,,,,
hV,A,hJe,hS,C,P,hP,,,,,
hV,A,hJe,hS,hC,P,hP,,,,,
hV,A,hJe,C,hC,P,hP,,,,,
hV,A,S,hS,C,hC,P,,,,,
hV,A,S,hS,C,hC,hP,,,,,
hV,A,S,hS,C,P,hP,,,,,
hV,A,S,hS,hC,P,hP,,,,,
hV,A,S,C,hC,P,hP,,,,,
hV,A,hS,C,hC,P,hP,,,,,
hV,hA,Je,hJe,S,hS,C,,,,,
hV,hA,Je,hJe,S,hS,hC,,,,,
hV,hA,Je,hJe,S,hS,P,,,,,
hV,hA,Je,hJe,S,hS,hP,,,,,
hV,hA,Je,hJe,S,C,hC,,,,,
hV,hA,Je,hJe,S,C,P,,,,,
hV,hA,Je,hJe,S,C,hP,,,,,
hV,hA,Je,hJe,S,hC,P,,,,,
hV,hA,Je,hJe,S,hC,hP,,,,,
hV,hA,Je,hJe,S,P,hP,,,,,
hV,hA,Je,hJe,hS,C,hC,,,,,
hV,hA,Je,hJe,hS,C,P,,,,,
hV,hA,Je,hJe,hS,C,hP,,,,,
hV,hA,Je,hJe,hS,hC,P,,,,,
hV,hA,Je,hJe,hS,hC,hP,,,,,
hV,hA,Je,hJe,hS,P,hP,,,,,
hV,hA,Je,hJe,C,hC,P,,,,,
hV,hA,Je,hJe,C,hC,hP,,,,,
hV,hA,Je,hJe,C,P,hP,,,,,
hV,hA,Je,hJe,hC,P,hP,,,,,
hV,hA,Je,S,hS,C,hC,,,,,
hV,hA,Je,S,hS,C,P,,,,,
hV,hA,Je,S,hS,C,hP,,,,,
hV,hA,Je,S,hS,hC,P,,,,,
hV,hA,Je,S,hS,hC,hP,,,,,
hV,hA,Je,S,hS,P,hP,,,,,
hV,hA,Je,S,C,hC,P,,,,,
hV,hA,Je,S,C,hC,hP,,,,,
hV,hA,Je,S,C,P,hP,,,,,
hV,hA,Je,S,hC,P,hP,,,,,
hV,hA,Je,hS,C,hC,P,,,,,
hV,hA,Je,hS,C,hC,hP,,,,,
hV,hA,Je,hS,C,P,hP,,,,,
hV,hA,Je,hS,hC,P,hP,,,,,
hV,hA,Je,C,hC,P,hP,,,,,
hV,hA,hJe,S,hS,C,hC,,,,,
hV,hA,hJe,S,hS,C,P,,,,,
hV,hA,hJe,S,hS,C,hP,,,,,
hV,hA,hJe,S,hS,hC,P,,,,,
hV,hA,hJe,S,hS,hC,hP,,,,,
hV,hA,hJe,S,hS,P,hP,,,,,
hV,hA,hJe,S,C,hC,P,,,,,
hV,hA,hJe,S,C,hC,hP,,,,,
hV,hA,hJe,S,C,P,hP,,,,,
hV,hA,hJe,S,hC,P,hP,,,,,
hV,hA,hJe,hS,C,hC,P,,,,,
hV,hA,hJe,hS,C,hC,hP,,,,,
hV,hA,hJe,hS,C,P,hP,,,,,
hV,hA,hJe,hS,hC,P,hP,,,,,
hV,hA,hJe,C,hC,P,hP,,,,,
hV,hA,S,hS,C,hC,P,,,,,
hV,hA,S,hS,C,hC,hP,,,,,
hV,hA,S,hS,C,P,hP,,,,,
hV,hA,S,hS,hC,P,hP,,,,,
hV,hA,S,C,hC,P,hP,,,,,
hV,hA,hS,C,hC,P,hP,,,,,
hV,Je,hJe,S,hS,C,hC,,,,,
hV,Je,hJe,S,hS,C,P,,,,,
hV,Je,hJe,S,hS,C,hP,,,,,
hV,Je,hJe,S,hS,hC,P,,,,,
hV,Je,hJe,S,hS,hC,hP,,,,,
hV,Je,hJe,S,hS,P,hP,,,,,
hV,Je,hJe,S,C,hC,P,,,,,
hV,Je,hJe,S,C,hC,hP,,,,,
hV,Je,hJe,S,C,P,hP,,,,,
hV,Je,hJe,S,hC,P,hP,,,,,
hV,Je,hJe,hS,C,hC,P,,,,,
hV,Je,hJe,hS,C,hC,hP,,,,,
hV,Je,hJe,hS,C,P,hP,,,,,
hV,Je,hJe,hS,hC,P,hP,,,,,
hV,Je,hJe,C,hC,P,hP,,,,,
hV,Je,S,hS,C,hC,P,,,,,
hV,Je,S,hS,C,hC,hP,,,,,
hV,Je,S,hS,C,P,hP,,,,,
hV,Je,S,hS,hC,P,hP,,,,,
hV,Je,S,C,hC,P,hP,,,,,
hV,Je,hS,C,hC,P,hP,,,,,
hV,hJe,S,hS,C,hC,P,,,,,
hV,hJe,S,hS,C,hC,hP,,,,,
hV,hJe,S,hS,C,P,hP,,,,,
hV,hJe,S,hS,hC,P,hP,,,,,
hV,hJe,S,C,hC,P,hP,,,,,
hV,hJe,hS,C,hC,P,hP,,,,,
hV,S,hS,C,hC,P,hP,,,,,
A,hA,Je,hJe,S,hS,C,,,,,
A,hA,Je,hJe,S,hS,hC,,,,,
A,hA,Je,hJe,S,hS,P,,,,,
A,hA,Je,hJe,S,hS,hP,,,,,
A,hA,Je,hJe,S,C,hC,,,,,
A,hA,Je,hJe,S,C,P,,,,,
A,hA,Je,hJe,S,C,hP,,,,,
A,hA,Je,hJe,S,hC,P,,,,,
A,hA,Je,hJe,S,hC,hP,,,,,
A,hA,Je,hJe,S,P,hP,,,,,
A,hA,Je,hJe,hS,C,hC,,,,,
A,hA,Je,hJe,hS,C,P,,,,,
A,hA,Je,hJe,hS,C,hP,,,,,
A,hA,Je,hJe,hS,hC,P,,,,,
A,hA,Je,hJe,hS,hC,hP,,,,,
A,hA,Je,hJe,hS,P,hP,,,,,
A,hA,Je,hJe,C,hC,P,,,,,
A,hA,Je,hJe,C,hC,hP,,,,,
A,hA,Je,hJe,C,P,hP,,,,,
A,hA,Je,hJe,hC,P,hP,,,,,
A,hA,Je,S,hS,C,hC,,,,,
A,hA,Je,S,hS,C,P,,,,,
A,hA,Je,S,hS,C,hP,,,,,
A,hA,Je,S,hS,hC,P,,,,,
A,hA,Je,S,hS,hC,hP,,,,,
A,hA,Je,S,hS,P,hP,,,,,
A,hA,Je,S,C,hC,P,,,,,
A,hA,Je,S,C,hC,hP,,,,,
A,hA,Je,S,C,P,hP,,,,,
A,hA,Je,S,hC,P,hP,,,,,
A,hA,Je,hS,C,hC,P,,,,,
A,hA,Je,hS,C,hC,hP,,,,,
A,hA,Je,hS,C,P,hP,,,,,
A,hA,Je,hS,hC,P,hP,,,,,
A,hA,Je,C,hC,P,hP,,,,,
A,hA,hJe,S,hS,C,hC,,,,,
A,hA,hJe,S,hS,C,P,,,,,
A,hA,hJe,S,hS,C,hP,,,,,
A,hA,hJe,S,hS,hC,P,,,,,
A,hA,hJe,S,hS,hC,hP,,,,,
A,hA,hJe,S,hS,P,hP,,,,,
A,hA,hJe,S,C,hC,P,,,,,
A,hA,hJe,S,C,hC,hP,,,,,
A,hA,hJe,S,C,P,hP,,,,,
A,hA,hJe,S,hC,P,hP,,,,,
A,hA,hJe,hS,C,hC,P,,,,,
A,hA,hJe,hS,C,hC,hP,,,,,
A,hA,hJe,hS,C,P,hP,,,,,
A,hA,hJe,hS,hC,P,hP,,,,,
A,hA,hJe,C,hC,P,hP,,,,,
A,hA,S,hS,C,hC,P,,,,,
A,hA,S,hS,C,hC,hP,,,,,
A,hA,S,hS,C,P,hP,,,,,
A,hA,S,hS,hC,P,hP,,,,,
A,hA,S,C,hC,P,hP,,,,,
A,hA,hS,C,hC,P,hP,,,,,
A,Je,hJe,S,hS,C,hC,,,,,
A,Je,hJe,S,hS,C,P,,,,,
A,Je,hJe,S,hS,C,hP,,,,,
A,Je,hJe,S,hS,hC,P,,,,,
A,Je,hJe,S,hS,hC,hP,,,,,
A,Je,hJe,S,hS,P,hP,,,,,
A,Je,hJe,S,C,hC,P,,,,,
A,Je,hJe,S,C,hC,hP,,,,,
A,Je,hJe,S,C,P,hP,,,,,
A,Je,hJe,S,hC,P,hP,,,,,
A,Je,hJe,hS,C,hC,P,,,,,
A,Je,hJe,hS,C,hC,hP,,,,,
A,Je,hJe,hS,C,P,hP,,,,,
A,Je,hJe,hS,hC,P,hP,,,,,
A,Je,hJe,C,hC,P,hP,,,,,
A,Je,S,hS,C,hC,P,,,,,
A,Je,S,hS,C,hC,hP,,,,,
A,Je,S,hS,C,P,hP,,,,,
A,Je,S,hS,hC,P,hP,,,,,
A,Je,S,C,hC,P,hP,,,,,
A,Je,hS,C,hC,P,hP,,,,,
A,hJe,S,hS,C,hC,P,,,,,
A,hJe,S,hS,C,hC,hP,,,,,
A,hJe,S,hS,C,P,hP,,,,,
A,hJe,S,hS,hC,P,hP,,,,,
A,hJe,S,C,hC,P,hP,,,,,
A,hJe,hS,C,hC,P,hP,,,,,
A,S,hS,C,hC,P,hP,,,,,
hA,Je,hJe,S,hS,C,hC,,,,,
hA,Je,hJe,S,hS,C,P,,,,,
hA,Je,hJe,S,hS,C,hP,,,,,
hA,Je,hJe,S,hS,hC,P,,,,,
hA,Je,hJe,S,hS,hC,hP,,,,,
hA,Je,hJe,S,hS,P,hP,,,,,
hA,Je,hJe,S,C,hC,P,,,,,
hA,Je,hJe,S,C,hC,hP,,,,,
hA,Je,hJe,S,C,P,hP,,,,,
hA,Je,hJe,S,hC,P,hP,,,,,
hA,Je,hJe,hS,C,hC,P,,,,,
hA,Je,hJe,hS,C,hC,hP,,,,,
hA,Je,hJe,hS,C,P,hP,,,,,
hA,Je,hJe,hS,hC,P,hP,,,,,
hA,Je,hJe,C,hC,P,hP,,,,,
hA,Je,S,hS,C,hC,P,,,,,
hA,Je,S,hS,C,hC,hP,,,,,
hA,Je,S,hS,C,P,hP,,,,,
hA,Je,S,hS,hC,P,hP,,,,,
hA,Je,S,C,hC,P,hP,,,,,
hA,Je,hS,C,hC,P,hP,,,,,
hA,hJe,S,hS,C,hC,P,,,,,
hA,hJe,S,hS,C,hC,hP,,,,,
hA,hJe,S,hS,C,P,hP,,,,,
hA,hJe,S,hS,hC,P,hP,,,,,
hA,hJe,S,C,hC,P,hP,,,,,
hA,hJe,hS,C,hC,P,hP,,,,,
hA,S,hS,C,hC,P,hP,,,,,
Je,hJe,S,hS,C,hC,P,,,,,
Je,hJe,S,hS,C,hC,hP,,,,,
Je,hJe,S,hS,C,P,hP,,,,,
Je,hJe,S,hS,hC,P,hP,,,,,
Je,hJe,S,C,hC,P,hP,,,,,
Je,hJe,hS,C,hC,P,hP,,,,,
Je,S,hS,C,hC,P,hP,,,,,
hJe,S,hS,C,hC,P,hP,,,,,
V,hV,A,hA,Je,hJe,S,hS,,,,
V,hV,A,hA,Je,hJe,S,C,,,,
V,hV,A,hA,Je,hJe,S,hC,,,,
V,hV,A,hA,Je,hJe,S,P,,,,
V,hV,A,hA,Je,hJe,S,hP,,,,
V,hV,A,hA,Je,hJe,hS,C,,,,
V,hV,A,hA,Je,hJe,hS,hC,,,,
V,hV,A,hA,Je,hJe,hS,P,,,,
V,hV,A,hA,Je,hJe,hS,hP,,,,
V,hV,A,hA,Je,hJe,C,hC,,,,
V,hV,A,hA,Je,hJe,C,P,,,,
V,hV,A,hA,Je,hJe,C,hP,,,,
V,hV,A,hA,Je,hJe,hC,P,,,,
V,hV,A,hA,Je,hJe,hC,hP,,,,
V,hV,A,hA,Je,hJe,P,hP,,,,
V,hV,A,hA,Je,S,hS,C,,,,
V,hV,A,hA,Je,S,hS,hC,,,,
V,hV,A,hA,Je,S,hS,P,,,,
V,hV,A,hA,Je,S,hS,hP,,,,
V,hV,A,hA,Je,S,C,hC,,,,
V,hV,A,hA,Je,S,C,P,,,,
V,hV,A,hA,Je,S,C,hP,,,,
V,hV,A,hA,Je,S,hC,P,,,,
V,hV,A,hA,Je,S,hC,hP,,,,
V,hV,A,hA,Je,S,P,hP,,,,
V,hV,A,hA,Je,hS,C,hC,,,,
V,hV,A,hA,Je,hS,C,P,,,,
V,hV,A,hA,Je,hS,C,hP,,,,
V,hV,A,hA,Je,hS,hC,P,,,,
V,hV,A,hA,Je,hS,hC,hP,,,,
V,hV,A,hA,Je,hS,P,hP,,,,
V,hV,A,hA,Je,C,hC,P,,,,
V,hV,A,hA,Je,C,hC,hP,,,,
V,hV,A,hA,Je,C,P,hP,,,,
V,hV,A,hA,Je,hC,P,hP,,,,
V,hV,A,hA,hJe,S,hS,C,,,,
V,hV,A,hA,hJe,S,hS,hC,,,,
V,hV,A,hA,hJe,S,hS,P,,,,
V,hV,A,hA,hJe,S,hS,hP,,,,
V,hV,A,hA,hJe,S,C,hC,,,,
V,hV,A,hA,hJe,S,C,P,,,,
V,hV,A,hA,hJe,S,C,hP,,,,
V,hV,A,hA,hJe,S,hC,P,,,,
V,hV,A,hA,hJe,S,hC,hP,,,,
V,hV,A,hA,hJe,S,P,hP,,,,
V,hV,A,hA,hJe,hS,C,hC,,,,
V,hV,A,hA,hJe,hS,C,P,,,,
V,hV,A,hA,hJe,hS,C,hP,,,,
V,hV,A,hA,hJe,hS,hC,P,,,,
V,hV,A,hA,hJe,hS,hC,hP,,,,
V,hV,A,hA,hJe,hS,P,hP,,,,
V,hV,A,hA,hJe,C,hC,P,,,,
V,hV,A,hA,hJe,C,hC,hP,,,,
V,hV,A,hA,hJe,C,P,hP,,,,
V,hV,A,hA,hJe,hC,P,hP,,,,
V,hV,A,hA,S,hS,C,hC,,,,
V,hV,A,hA,S,hS,C,P,,,,
V,hV,A,hA,S,hS,C,hP,,,,
V,hV,A,hA,S,hS,hC,P,,,,
V,hV,A,hA,S,hS,hC,hP,,,,
V,hV,A,hA,S,hS,P,hP,,,,
V,hV,A,hA,S,C,hC,P,,,,
V,hV,A,hA,S,C,hC,hP,,,,
V,hV,A,hA,S,C,P,hP,,,,
V,hV,A,hA,S,hC,P,hP,,,,
V,hV,A,hA,hS,C,hC,P,,,,
V,hV,A,hA,hS,C,hC,hP,,,,
V,hV,A,hA,hS,C,P,hP,,,,
V,hV,A,hA,hS,hC,P,hP,,,,
V,hV,A,hA,C,hC,P,hP,,,,
V,hV,A,Je,hJe,S,hS,C,,,,
V,hV,A,Je,hJe,S,hS,hC,,,,
V,hV,A,Je,hJe,S,hS,P,,,,
V,hV,A,Je,hJe,S,hS,hP,,,,
V,hV,A,Je,hJe,S,C,hC,,,,
V,hV,A,Je,hJe,S,C,P,,,,
V,hV,A,Je,hJe,S,C,hP,,,,
V,hV,A,Je,hJe,S,hC,P,,,,
V,hV,A,Je,hJe,S,hC,hP,,,,
V,hV,A,Je,hJe,S,P,hP,,,,
V,hV,A,Je,hJe,hS,C,hC,,,,
V,hV,A,Je,hJe,hS,C,P,,,,
V,hV,A,Je,hJe,hS,C,hP,,,,
V,hV,A,Je,hJe,hS,hC,P,,,,
V,hV,A,Je,hJe,hS,hC,hP,,,,
V,hV,A,Je,hJe,hS,P,hP,,,,
V,hV,A,Je,hJe,C,hC,P,,,,
V,hV,A,Je,hJe,C,hC,hP,,,,
V,hV,A,Je,hJe,C,P,hP,,,,
V,hV,A,Je,hJe,hC,P,hP,,,,
V,hV,A,Je,S,hS,C,hC,,,,
V,hV,A,Je,S,hS,C,P,,,,
V,hV,A,Je,S,hS,C,hP,,,,
V,hV,A,Je,S,hS,hC,P,,,,
V,hV,A,Je,S,hS,hC,hP,,,,
V,hV,A,Je,S,hS,P,hP,,,,
V,hV,A,Je,S,C,hC,P,,,,
V,hV,A,Je,S,C,hC,hP,,,,
V,hV,A,Je,S,C,P,hP,,,,
V,hV,A,Je,S,hC,P,hP,,,,
V,hV,A,Je,hS,C,hC,P,,,,
V,hV,A,Je,hS,C,hC,hP,,,,
V,hV,A,Je,hS,C,P,hP,,,,
V,hV,A,Je,hS,hC,P,hP,,,,
V,hV,A,Je,C,hC,P,hP,,,,
V,hV,A,hJe,S,hS,C,hC,,,,
V,hV,A,hJe,S,hS,C,P,,,,
V,hV,A,hJe,S,hS,C,hP,,,,
V,hV,A,hJe,S,hS,hC,P,,,,
V,hV,A,hJe,S,hS,hC,hP,,,,
V,hV,A,hJe,S,hS,P,hP,,,,
V,hV,A,hJe,S,C,hC,P,,,,
V,hV,A,hJe,S,C,hC,hP,,,,
V,hV,A,hJe,S,C,P,hP,,,,
V,hV,A,hJe,S,hC,P,hP,,,,
V,hV,A,hJe,hS,C,hC,P,,,,
V,hV,A,hJe,hS,C,hC,hP,,,,
V,hV,A,hJe,hS,C,P,hP,,,,
V,hV,A,hJe,hS,hC,P,hP,,,,
V,hV,A,hJe,C,hC,P,hP,,,,
V,hV,A,S,hS,C,hC,P,,,,
V,hV,A,S,hS,C,hC,hP,,,,
V,hV,A,S,hS,C,P,hP,,,,
V,hV,A,S,hS,hC,P,hP,,,,
V,hV,A,S,C,hC,P,hP,,,,
V,hV,A,hS,C,hC,P,hP,,,,
V,hV,hA,Je,hJe,S,hS,C,,,,
V,hV,hA,Je,hJe,S,hS,hC,,,,
V,hV,hA,Je,hJe,S,hS,P,,,,
V,hV,hA,Je,hJe,S,hS,hP,,,,
V,hV,hA,Je,hJe,S,C,hC,,,,
V,hV,hA,Je,hJe,S,C,P,,,,
V,hV,hA,Je,hJe,S,C,hP,,,,
V,hV,hA,Je,hJe,S,hC,P,,,,
V,hV,hA,Je,hJe,S,hC,hP,,,,
V,hV,hA,Je,hJe,S,P,hP,,,,
V,hV,hA,Je,hJe,hS,C,hC,,,,
V,hV,hA,Je,hJe,hS,C,P,,,,
V,hV,hA,Je,hJe,hS,C,hP,,,,
V,hV,hA,Je,hJe,hS,hC,P,,,,
V,hV,hA,Je,hJe,hS,hC,hP,,,,
V,hV,hA,Je,hJe,hS,P,hP,,,,
V,hV,hA,Je,hJe,C,hC,P,,,,
V,hV,hA,Je,hJe,C,hC,hP,,,,
V,hV,hA,Je,hJe,C,P,hP,,,,
V,hV,hA,Je,hJe,hC,P,hP,,,,
V,hV,hA,Je,S,hS,C,hC,,,,
V,hV,hA,Je,S,hS,C,P,,,,
V,hV,hA,Je,S,hS,C,hP,,,,
V,hV,hA,Je,S,hS,hC,P,,,,
V,hV,hA,Je,S,hS,hC,hP,,,,
V,hV,hA,Je,S,hS,P,hP,,,,
V,hV,hA,Je,S,C,hC,P,,,,
V,hV,hA,Je,S,C,hC,hP,,,,
V,hV,hA,Je,S,C,P,hP,,,,
V,hV,hA,Je,S,hC,P,hP,,,,
V,hV,hA,Je,hS,C,hC,P,,,,
V,hV,hA,Je,hS,C,hC,hP,,,,
V,hV,hA,Je,hS,C,P,hP,,,,
V,hV,hA,Je,hS,hC,P,hP,,,,
V,hV,hA,Je,C,hC,P,hP,,,,
V,hV,hA,hJe,S,hS,C,hC,,,,
V,hV,hA,hJe,S,hS,C,P,,,,
V,hV,hA,hJe,S,hS,C,hP,,,,
V,hV,hA,hJe,S,hS,hC,P,,,,
V,hV,hA,hJe,S,hS,hC,hP,,,,
V,hV,hA,hJe,S,hS,P,hP,,,,
V,hV,hA,hJe,S,C,hC,P,,,,
V,hV,hA,hJe,S,C,hC,hP,,,,
V,hV,hA,hJe,S,C,P,hP,,,,
V,hV,hA,hJe,S,hC,P,hP,,,,
V,hV,hA,hJe,hS,C,hC,P,,,,
V,hV,hA,hJe,hS,C,hC,hP,,,,
V,hV,hA,hJe,hS,C,P,hP,,,,
V,hV,hA,hJe,hS,hC,P,hP,,,,
V,hV,hA,hJe,C,hC,P,hP,,,,
V,hV,hA,S,hS,C,hC,P,,,,
V,hV,hA,S,hS,C,hC,hP,,,,
V,hV,hA,S,hS,C,P,hP,,,,
V,hV,hA,S,hS,hC,P,hP,,,,
V,hV,hA,S,C,hC,P,hP,,,,
V,hV,hA,hS,C,hC,P,hP,,,,
V,hV,Je,hJe,S,hS,C,hC,,,,
V,hV,Je,hJe,S,hS,C,P,,,,
V,hV,Je,hJe,S,hS,C,hP,,,,
V,hV,Je,hJe,S,hS,hC,P,,,,
V,hV,Je,hJe,S,hS,hC,hP,,,,
V,hV,Je,hJe,S,hS,P,hP,,,,
V,hV,Je,hJe,S,C,hC,P,,,,
V,hV,Je,hJe,S,C,hC,hP,,,,
V,hV,Je,hJe,S,C,P,hP,,,,
V,hV,Je,hJe,S,hC,P,hP,,,,
V,hV,Je,hJe,hS,C,hC,P,,,,
V,hV,Je,hJe,hS,C,hC,hP,,,,
V,hV,Je,hJe,hS,C,P,hP,,,,
V,hV,Je,hJe,hS,hC,P,hP,,,,
V,hV,Je,hJe,C,hC,P,hP,,,,
V,hV,Je,S,hS,C,hC,P,,,,
V,hV,Je,S,hS,C,hC,hP,,,,
V,hV,Je,S,hS,C,P,hP,,,,
V,hV,Je,S,hS,hC,P,hP,,,,
V,hV,Je,S,C,hC,P,hP,,,,
V,hV,Je,hS,C,hC,P,hP,,,,
V,hV,hJe,S,hS,C,hC,P,,,,
V,hV,hJe,S,hS,C,hC,hP,,,,
V,hV,hJe,S,hS,C,P,hP,,,,
V,hV,hJe,S,hS,hC,P,hP,,,,
V,hV,hJe,S,C,hC,P,hP,,,,
V,hV,hJe,hS,C,hC,P,hP,,,,
V,hV,S,hS,C,hC,P,hP,,,,
V,A,hA,Je,hJe,S,hS,C,,,,
V,A,hA,Je,hJe,S,hS,hC,,,,
V,A,hA,Je,hJe,S,hS,P,,,,
V,A,hA,Je,hJe,S,hS,hP,,,,
V,A,hA,Je,hJe,S,C,hC,,,,
V,A,hA,Je,hJe,S,C,P,,,,
V,A,hA,Je,hJe,S,C,hP,,,,
V,A,hA,Je,hJe,S,hC,P,,,,
V,A,hA,Je,hJe,S,hC,hP,,,,
V,A,hA,Je,hJe,S,P,hP,,,,
V,A,hA,Je,hJe,hS,C,hC,,,,
V,A,hA,Je,hJe,hS,C,P,,,,
V,A,hA,Je,hJe,hS,C,hP,,,,
V,A,hA,Je,hJe,hS,hC,P,,,,
V,A,hA,Je,hJe,hS,hC,hP,,,,
V,A,hA,Je,hJe,hS,P,hP,,,,
V,A,hA,Je,hJe,C,hC,P,,,,
V,A,hA,Je,hJe,C,hC,hP,,,,
V,A,hA,Je,hJe,C,P,hP,,,,
V,A,hA,Je,hJe,hC,P,hP,,,,
V,A,hA,Je,S,hS,C,hC,,,,
V,A,hA,Je,S,hS,C,P,,,,
V,A,hA,Je,S,hS,C,hP,,,,
V,A,hA,Je,S,hS,hC,P,,,,
V,A,hA,Je,S,hS,hC,hP,,,,
V,A,hA,Je,S,hS,P,hP,,,,
V,A,hA,Je,S,C,hC,P,,,,
V,A,hA,Je,S,C,hC,hP,,,,
V,A,hA,Je,S,C,P,hP,,,,
V,A,hA,Je,S,hC,P,hP,,,,
V,A,hA,Je,hS,C,hC,P,,,,
V,A,hA,Je,hS,C,hC,hP,,,,
V,A,hA,Je,hS,C,P,hP,,,,
V,A,hA,Je,hS,hC,P,hP,,,,
V,A,hA,Je,C,hC,P,hP,,,,
V,A,hA,hJe,S,hS,C,hC,,,,
V,A,hA,hJe,S,hS,C,P,,,,
V,A,hA,hJe,S,hS,C,hP,,,,
V,A,hA,hJe,S,hS,hC,P,,,,
V,A,hA,hJe,S,hS,hC,hP,,,,
V,A,hA,hJe,S,hS,P,hP,,,,
V,A,hA,hJe,S,C,hC,P,,,,
V,A,hA,hJe,S,C,hC,hP,,,,
V,A,hA,hJe,S,C,P,hP,,,,
V,A,hA,hJe,S,hC,P,hP,,,,
V,A,hA,hJe,hS,C,hC,P,,,,
V,A,hA,hJe,hS,C,hC,hP,,,,
V,A,hA,hJe,hS,C,P,hP,,,,
V,A,hA,hJe,hS,hC,P,hP,,,,
V,A,hA,hJe,C,hC,P,hP,,,,
V,A,hA,S,hS,C,hC,P,,,,
V,A,hA,S,hS,C,hC,hP,,,,
V,A,hA,S,hS,C,P,hP,,,,
V,A,hA,S,hS,hC,P,hP,,,,
V,A,hA,S,C,hC,P,hP,,,,
V,A,hA,hS,C,hC,P,hP,,,,
V,A,Je,hJe,S,hS,C,hC,,,,
V,A,Je,hJe,S,hS,C,P,,,,
V,A,Je,hJe,S,hS,C,hP,,,,
V,A,Je,hJe,S,hS,hC,P,,,,
V,A,Je,hJe,S,hS,hC,hP,,,,
V,A,Je,hJe,S,hS,P,hP,,,,
V,A,Je,hJe,S,C,hC,P,,,,
V,A,Je,hJe,S,C,hC,hP,,,,
V,A,Je,hJe,S,C,P,hP,,,,
V,A,Je,hJe,S,hC,P,hP,,,,
V,A,Je,hJe,hS,C,hC,P,,,,
V,A,Je,hJe,hS,C,hC,hP,,,,
V,A,Je,hJe,hS,C,P,hP,,,,
V,A,Je,hJe,hS,hC,P,hP,,,,
V,A,Je,hJe,C,hC,P,hP,,,,
V,A,Je,S,hS,C,hC,P,,,,
V,A,Je,S,hS,C,hC,hP,,,,
V,A,Je,S,hS,C,P,hP,,,,
V,A,Je,S,hS,hC,P,hP,,,,
V,A,Je,S,C,hC,P,hP,,,,
V,A,Je,hS,C,hC,P,hP,,,,
V,A,hJe,S,hS,C,hC,P,,,,
V,A,hJe,S,hS,C,hC,hP,,,,
V,A,hJe,S,hS,C,P,hP,,,,
V,A,hJe,S,hS,hC,P,hP,,,,
V,A,hJe,S,C,hC,P,hP,,,,
V,A,hJe,hS,C,hC,P,hP,,,,
V,A,S,hS,C,hC,P,hP,,,,
V,hA,Je,hJe,S,hS,C,hC,,,,
V,hA,Je,hJe,S,hS,C,P,,,,
V,hA,Je,hJe,S,hS,C,hP,,,,
V,hA,Je,hJe,S,hS,hC,P,,,,
V,hA,Je,hJe,S,hS,hC,hP,,,,
V,hA,Je,hJe,S,hS,P,hP,,,,
V,hA,Je,hJe,S,C,hC,P,,,,
V,hA,Je,hJe,S,C,hC,hP,,,,
V,hA,Je,hJe,S,C,P,hP,,,,
V,hA,Je,hJe,S,hC,P,hP,,,,
V,hA,Je,hJe,hS,C,hC,P,,,,
V,hA,Je,hJe,hS,C,hC,hP,,,,
V,hA,Je,hJe,hS,C,P,hP,,,,
V,hA,Je,hJe,hS,hC,P,hP,,,,
V,hA,Je,hJe,C,hC,P,hP,,,,
V,hA,Je,S,hS,C,hC,P,,,,
V,hA,Je,S,hS,C,hC,hP,,,,
V,hA,Je,S,hS,C,P,hP,,,,
V,hA,Je,S,hS,hC,P,hP,,,,
V,hA,Je,S,C,hC,P,hP,,,,
V,hA,Je,hS,C,hC,P,hP,,,,
V,hA,hJe,S,hS,C,hC,P,,,,
V,hA,hJe,S,hS,C,hC,hP,,,,
V,hA,hJe,S,hS,C,P,hP,,,,
V,hA,hJe,S,hS,hC,P,hP,,,,
V,hA,hJe,S,C,hC,P,hP,,,,
V,hA,hJe,hS,C,hC,P,hP,,,,
V,hA,S,hS,C,hC,P,hP,,,,
V,Je,hJe,S,hS,C,hC,P,,,,
V,Je,hJe,S,hS,C,hC,hP,,,,
V,Je,hJe,S,hS,C,P,hP,,,,
V,Je,hJe,S,hS,hC,P,hP,,,,
V,Je,hJe,S,C,hC,P,hP,,,,
V,Je,hJe,hS,C,hC,P,hP,,,,
V,Je,S,hS,C,hC,P,hP,,,,
V,hJe,S,hS,C,hC,P,hP,,,,
hV,A,hA,Je,hJe,S,hS,C,,,,
hV,A,hA,Je,hJe,S,hS,hC,,,,
hV,A,hA,Je,hJe,S,hS,P,,,,
hV,A,hA,Je,hJe,S,hS,hP,,,,
hV,A,hA,Je,hJe,S,C,hC,,,,
hV,A,hA,Je,hJe,S,C,P,,,,
hV,A,hA,Je,hJe,S,C,hP,,,,
hV,A,hA,Je,hJe,S,hC,P,,,,
hV,A,hA,Je,hJe,S,hC,hP,,,,
hV,A,hA,Je,hJe,S,P,hP,,,,
hV,A,hA,Je,hJe,hS,C,hC,,,,
hV,A,hA,Je,hJe,hS,C,P,,,,
hV,A,hA,Je,hJe,hS,C,hP,,,,
hV,A,hA,Je,hJe,hS,hC,P,,,,
hV,A,hA,Je,hJe,hS,hC,hP,,,,
hV,A,hA,Je,hJe,hS,P,hP,,,,
hV,A,hA,Je,hJe,C,hC,P,,,,
hV,A,hA,Je,hJe,C,hC,hP,,,,
hV,A,hA,Je,hJe,C,P,hP,,,,
hV,A,hA,Je,hJe,hC,P,hP,,,,
hV,A,hA,Je,S,hS,C,hC,,,,
hV,A,hA,Je,S,hS,C,P,,,,
hV,A,hA,Je,S,hS,C,hP,,,,
hV,A,hA,Je,S,hS,hC,P,,,,
hV,A,hA,Je,S,hS,hC,hP,,,,
hV,A,hA,Je,S,hS,P,hP,,,,
hV,A,hA,Je,S,C,hC,P,,,,
hV,A,hA,Je,S,C,hC,hP,,,,
hV,A,hA,Je,S,C,P,hP,,,,
hV,A,hA,Je,S,hC,P,hP,,,,
hV,A,hA,Je,hS,C,hC,P,,,,
hV,A,hA,Je,hS,C,hC,hP,,,,
hV,A,hA,Je,hS,C,P,hP,,,,
hV,A,hA,Je,hS,hC,P,hP,,,,
hV,A,hA,Je,C,hC,P,hP,,,,
hV,A,hA,hJe,S,hS,C,hC,,,,
hV,A,hA,hJe,S,hS,C,P,,,,
hV,A,hA,hJe,S,hS,C,hP,,,,
hV,A,hA,hJe,S,hS,hC,P,,,,
hV,A,hA,hJe,S,hS,hC,hP,,,,
hV,A,hA,hJe,S,hS,P,hP,,,,
hV,A,hA,hJe,S,C,hC,P,,,,
hV,A,hA,hJe,S,C,hC,hP,,,,
hV,A,hA,hJe,S,C,P,hP,,,,
hV,A,hA,hJe,S,hC,P,hP,,,,
hV,A,hA,hJe,hS,C,hC,P,,,,
hV,A,hA,hJe,hS,C,hC,hP,,,,
hV,A,hA,hJe,hS,C,P,hP,,,,
hV,A,hA,hJe,hS,hC,P,hP,,,,
hV,A,hA,hJe,C,hC,P,hP,,,,
hV,A,hA,S,hS,C,hC,P,,,,
hV,A,hA,S,hS,C,hC,hP,,,,
hV,A,hA,S,hS,C,P,hP,,,,
hV,A,hA,S,hS,hC,P,hP,,,,
hV,A,hA,S,C,hC,P,hP,,,,
hV,A,hA,hS,C,hC,P,hP,,,,
hV,A,Je,hJe,S,hS,C,hC,,,,
hV,A,Je,hJe,S,hS,C,P,,,,
hV,A,Je,hJe,S,hS,C,hP,,,,
hV,A,Je,hJe,S,hS,hC,P,,,,
hV,A,Je,hJe,S,hS,hC,hP,,,,
hV,A,Je,hJe,S,hS,P,hP,,,,
hV,A,Je,hJe,S,C,hC,P,,,,
hV,A,Je,hJe,S,C,hC,hP,,,,
hV,A,Je,hJe,S,C,P,hP,,,,
hV,A,Je,hJe,S,hC,P,hP,,,,
hV,A,Je,hJe,hS,C,hC,P,,,,
hV,A,Je,hJe,hS,C,hC,hP,,,,
hV,A,Je,hJe,hS,C,P,hP,,,,
hV,A,Je,hJe,hS,hC,P,hP,,,,
hV,A,Je,hJe,C,hC,P,hP,,,,
hV,A,Je,S,hS,C,hC,P,,,,
hV,A,Je,S,hS,C,hC,hP,,,,
hV,A,Je,S,hS,C,P,hP,,,,
hV,A,Je,S,hS,hC,P,hP,,,,
hV,A,Je,S,C,hC,P,hP,,,,
hV,A,Je,hS,C,hC,P,hP,,,,
hV,A,hJe,S,hS,C,hC,P,,,,
hV,A,hJe,S,hS,C,hC,hP,,,,
hV,A,hJe,S,hS,C,P,hP,,,,
hV,A,hJe,S,hS,hC,P,hP,,,,
hV,A,hJe,S,C,hC,P,hP,,,,
hV,A,hJe,hS,C,hC,P,hP,,,,
hV,A,S,hS,C,hC,P,hP,,,,
hV,hA,Je,hJe,S,hS,C,hC,,,,
hV,hA,Je,hJe,S,hS,C,P,,,,
hV,hA,Je,hJe,S,hS,C,hP,,,,
hV,hA,Je,hJe,S,hS,hC,P,,,,
hV,hA,Je,hJe,S,hS,hC,hP,,,,
hV,hA,Je,hJe,S,hS,P,hP,,,,
hV,hA,Je,hJe,S,C,hC,P,,,,
hV,hA,Je,hJe,S,C,hC,hP,,,,
hV,hA,Je,hJe,S,C,P,hP,,,,
hV,hA,Je,hJe,S,hC,P,hP,,,,
hV,hA,Je,hJe,hS,C,hC,P,,,,
hV,hA,Je,hJe,hS,C,hC,hP,,,,
hV,hA,Je,hJe,hS,C,P,hP,,,,
hV,hA,Je,hJe,hS,hC,P,hP,,,,
hV,hA,Je,hJe,C,hC,P,hP,,,,
hV,hA,Je,S,hS,C,hC,P,,,,
hV,hA,Je,S,hS,C,hC,hP,,,,
hV,hA,Je,S,hS,C,P,hP,,,,
hV,hA,Je,S,hS,hC,P,hP,,,,
hV,hA,Je,S,C,hC,P,hP,,,,
hV,hA,Je,hS,C,hC,P,hP,,,,
hV,hA,hJe,S,hS,C,hC,P,,,,
hV,hA,hJe,S,hS,C,hC,hP,,,,
hV,hA,hJe,S,hS,C,P,hP,,,,
hV,hA,hJe,S,hS,hC,P,hP,,,,
hV,hA,hJe,S,C,hC,P,hP,,,,
hV,hA,hJe,hS,C,hC,P,hP,,,,
hV,hA,S,hS,C,hC,P,hP,,,,
hV,Je,hJe,S,hS,C,hC,P,,,,
hV,Je,hJe,S,hS,C,hC,hP,,,,
hV,Je,hJe,S,hS,C,P,hP,,,,
hV,Je,hJe,S,hS,hC,P,hP,,,,
hV,Je,hJe,S,C,hC,P,hP,,,,
hV,Je,hJe,hS,C,hC,P,hP,,,,
hV,Je,S,hS,C,hC,P,hP,,,,
hV,hJe,S,hS,C,hC,P,hP,,,,
A,hA,Je,hJe,S,hS,C,hC,,,,
A,hA,Je,hJe,S,hS,C,P,,,,
A,hA,Je,hJe,S,hS,C,hP,,,,
A,hA,Je,hJe,S,hS,hC,P,,,,
A,hA,Je,hJe,S,hS,hC,hP,,,,
A,hA,Je,hJe,S,hS,P,hP,,,,
A,hA,Je,hJe,S,C,hC,P,,,,
A,hA,Je,hJe,S,C,hC,hP,,,,
A,hA,Je,hJe,S,C,P,hP,,,,
A,hA,Je,hJe,S,hC,P,hP,,,,
A,hA,Je,hJe,hS,C,hC,P,,,,
A,hA,Je,hJe,hS,C,hC,hP,,,,
A,hA,Je,hJe,hS,C,P,hP,,,,
A,hA,Je,hJe,hS,hC,P,hP,,,,
A,hA,Je,hJe,C,hC,P,hP,,,,
A,hA,Je,S,hS,C,hC,P,,,,
A,hA,Je,S,hS,C,hC,hP,,,,
A,hA,Je,S,hS,C,P,hP,,,,
A,hA,Je,S,hS,hC,P,hP,,,,
A,hA,Je,S,C,hC,P,hP,,,,
A,hA,Je,hS,C,hC,P,hP,,,,
A,hA,hJe,S,hS,C,hC,P,,,,
A,hA,hJe,S,hS,C,hC,hP,,,,
A,hA,hJe,S,hS,C,P,hP,,,,
A,hA,hJe,S,hS,hC,P,hP,,,,
A,hA,hJe,S,C,hC,P,hP,,,,
A,hA,hJe,hS,C,hC,P,hP,,,,
A,hA,S,hS,C,hC,P,hP,,,,
A,Je,hJe,S,hS,C,hC,P,,,,
A,Je,hJe,S,hS,C,hC,hP,,,,
A,Je,hJe,S,hS,C,P,hP,,,,
A,Je,hJe,S,hS,hC,P,hP,,,,
A,Je,hJe,S,C,hC,P,hP,,,,
A,Je,hJe,hS,C,hC,P,hP,,,,
A,Je,S,hS,C,hC,P,hP,,,,
A,hJe,S,hS,C,hC,P,hP,,,,
hA,Je,hJe,S,hS,C,hC,P,,,,
hA,Je,hJe,S,hS,C,hC,hP,,,,
hA,Je,hJe,S,hS,C,P,hP,,,,
hA,Je,hJe,S,hS,hC,P,hP,,,,
hA,Je,hJe,S,C,hC,P,hP,,,,
hA,Je,hJe,hS,C,hC,P,hP,,,,
hA,Je,S,hS,C,hC,P,hP,,,,
hA,hJe,S,hS,C,hC,P,hP,,,,
Je,hJe,S,hS,C,hC,P,hP,,,,
V,hV,A,hA,Je,hJe,S,hS,C,,,
V,hV,A,hA,Je,hJe,S,hS,hC,,,
V,hV,A,hA,Je,hJe,S,hS,P,,,
V,hV,A,hA,Je,hJe,S,hS,hP,,,
V,hV,A,hA,Je,hJe,S,C,hC,,,
V,hV,A,hA,Je,hJe,S,C,P,,,
V,hV,A,hA,Je,hJe,S,C,hP,,,
V,hV,A,hA,Je,hJe,S,hC,P,,,
V,hV,A,hA,Je,hJe,S,hC,hP,,,
V,hV,A,hA,Je,hJe,S,P,hP,,,
V,hV,A,hA,Je,hJe,hS,C,hC,,,
V,hV,A,hA,Je,hJe,hS,C,P,,,
V,hV,A,hA,Je,hJe,hS,C,hP,,,
V,hV,A,hA,Je,hJe,hS,hC,P,,,
V,hV,A,hA,Je,hJe,hS,hC,hP,,,
V,hV,A,hA,Je,hJe,hS,P,hP,,,
V,hV,A,hA,Je,hJe,C,hC,P,,,
V,hV,A,hA,Je,hJe,C,hC,hP,,,
V,hV,A,hA,Je,hJe,C,P,hP,,,
V,hV,A,hA,Je,hJe,hC,P,hP,,,
V,hV,A,hA,Je,S,hS,C,hC,,,
V,hV,A,hA,Je,S,hS,C,P,,,
V,hV,A,hA,Je,S,hS,C,hP,,,
V,hV,A,hA,Je,S,hS,hC,P,,,
V,hV,A,hA,Je,S,hS,hC,hP,,,
V,hV,A,hA,Je,S,hS,P,hP,,,
V,hV,A,hA,Je,S,C,hC,P,,,
V,hV,A,hA,Je,S,C,hC,hP,,,
V,hV,A,hA,Je,S,C,P,hP,,,
V,hV,A,hA,Je,S,hC,P,hP,,,
V,hV,A,hA,Je,hS,C,hC,P,,,
V,hV,A,hA,Je,hS,C,hC,hP,,,
V,hV,A,hA,Je,hS,C,P,hP,,,
V,hV,A,hA,Je,hS,hC,P,hP,,,
V,hV,A,hA,Je,C,hC,P,hP,,,
V,hV,A,hA,hJe,S,hS,C,hC,,,
V,hV,A,hA,hJe,S,hS,C,P,,,
V,hV,A,hA,hJe,S,hS,C,hP,,,
V,hV,A,hA,hJe,S,hS,hC,P,,,
V,hV,A,hA,hJe,S,hS,hC,hP,,,
V,hV,A,hA,hJe,S,hS,P,hP,,,
V,hV,A,hA,hJe,S,C,hC,P,,,
V,hV,A,hA,hJe,S,C,hC,hP,,,
V,hV,A,hA,hJe,S,C,P,hP,,,
V,hV,A,hA,hJe,S,hC,P,hP,,,
V,hV,A,hA,hJe,hS,C,hC,P,,,
V,hV,A,hA,hJe,hS,C,hC,hP,,,
V,hV,A,hA,hJe,hS,C,P,hP,,,
V,hV,A,hA,hJe,hS,hC,P,hP,,,
V,hV,A,hA,hJe,C,hC,P,hP,,,
V,hV,A,hA,S,hS,C,hC,P,,,
V,hV,A,hA,S,hS,C,hC,hP,,,
V,hV,A,hA,S,hS,C,P,hP,,,
V,hV,A,hA,S,hS,hC,P,hP,,,
V,hV,A,hA,S,C,hC,P,hP,,,
V,hV,A,hA,hS,C,hC,P,hP,,,
V,hV,A,Je,hJe,S,hS,C,hC,,,
V,hV,A,Je,hJe,S,hS,C,P,,,
V,hV,A,Je,hJe,S,hS,C,hP,,,
V,hV,A,Je,hJe,S,hS,hC,P,,,
V,hV,A,Je,hJe,S,hS,hC,hP,,,
V,hV,A,Je,hJe,S,hS,P,hP,,,
V,hV,A,Je,hJe,S,C,hC,P,,,
V,hV,A,Je,hJe,S,C,hC,hP,,,
V,hV,A,Je,hJe,S,C,P,hP,,,
V,hV,A,Je,hJe,S,hC,P,hP,,,
V,hV,A,Je,hJe,hS,C,hC,P,,,
V,hV,A,Je,hJe,hS,C,hC,hP,,,
V,hV,A,Je,hJe,hS,C,P,hP,,,
V,hV,A,Je,hJe,hS,hC,P,hP,,,
V,hV,A,Je,hJe,C,hC,P,hP,,,
V,hV,A,Je,S,hS,C,hC,P,,,
V,hV,A,Je,S,hS,C,hC,hP,,,
V,hV,A,Je,S,hS,C,P,hP,,,
V,hV,A,Je,S,hS,hC,P,hP,,,
V,hV,A,Je,S,C,hC,P,hP,,,
V,hV,A,Je,hS,C,hC,P,hP,,,
V,hV,A,hJe,S,hS,C,hC,P,,,
V,hV,A,hJe,S,hS,C,hC,hP,,,
V,hV,A,hJe,S,hS,C,P,hP,,,
V,hV,A,hJe,S,hS,hC,P,hP,,,
V,hV,A,hJe,S,C,hC,P,hP,,,
V,hV,A,hJe,hS,C,hC,P,hP,,,
V,hV,A,S,hS,C,hC,P,hP,,,
V,hV,hA,Je,hJe,S,hS,C,hC,,,
V,hV,hA,Je,hJe,S,hS,C,P,,,
V,hV,hA,Je,hJe,S,hS,C,hP,,,
V,hV,hA,Je,hJe,S,hS,hC,P,,,
V,hV,hA,Je,hJe,S,hS,hC,hP,,,
V,hV,hA,Je,hJe,S,hS,P,hP,,,
V,hV,hA,Je,hJe,S,C,hC,P,,,
V,hV,hA,Je,hJe,S,C,hC,hP,,,
V,hV,hA,Je,hJe,S,C,P,hP,,,
V,hV,hA,Je,hJe,S,hC,P,hP,,,
V,hV,hA,Je,hJe,hS,C,hC,P,,,
V,hV,hA,Je,hJe,hS,C,hC,hP,,,
V,hV,hA,Je,hJe,hS,C,P,hP,,,
V,hV,hA,Je,hJe,hS,hC,P,hP,,,
V,hV,hA,Je,hJe,C,hC,P,hP,,,
V,hV,hA,Je,S,hS,C,hC,P,,,
V,hV,hA,Je,S,hS,C,hC,hP,,,
V,hV,hA,Je,S,hS,C,P,hP,,,
V,hV,hA,Je,S,hS,hC,P,hP,,,
V,hV,hA,Je,S,C,hC,P,hP,,,
V,hV,hA,Je,hS,C,hC,P,hP,,,
V,hV,hA,hJe,S,hS,C,hC,P,,,
V,hV,hA,hJe,S,hS,C,hC,hP,,,
V,hV,hA,hJe,S,hS,C,P,hP,,,
V,hV,hA,hJe,S,hS,hC,P,hP,,,
V,hV,hA,hJe,S,C,hC,P,hP,,,
V,hV,hA,hJe,hS,C,hC,P,hP,,,
V,hV,hA,S,hS,C,hC,P,hP,,,
V,hV,Je,hJe,S,hS,C,hC,P,,,
V,hV,Je,hJe,S,hS,C,hC,hP,,,
V,hV,Je,hJe,S,hS,C,P,hP,,,
V,hV,Je,hJe,S,hS,hC,P,hP,,,
V,hV,Je,hJe,S,C,hC,P,hP,,,
V,hV,Je,hJe,hS,C,hC,P,hP,,,
V,hV,Je,S,hS,C,hC,P,hP,,,
V,hV,hJe,S,hS,C,hC,P,hP,,,
V,A,hA,Je,hJe,S,hS,C,hC,,,
V,A,hA,Je,hJe,S,hS,C,P,,,
V,A,hA,Je,hJe,S,hS,C,hP,,,
V,A,hA,Je,hJe,S,hS,hC,P,,,
V,A,hA,Je,hJe,S,hS,hC,hP,,,
V,A,hA,Je,hJe,S,hS,P,hP,,,
V,A,hA,Je,hJe,S,C,hC,P,,,
V,A,hA,Je,hJe,S,C,hC,hP,,,
V,A,hA,Je,hJe,S,C,P,hP,,,
V,A,hA,Je,hJe,S,hC,P,hP,,,
V,A,hA,Je,hJe,hS,C,hC,P,,,
V,A,hA,Je,hJe,hS,C,hC,hP,,,
V,A,hA,Je,hJe,hS,C,P,hP,,,
V,A,hA,Je,hJe,hS,hC,P,hP,,,
V,A,hA,Je,hJe,C,hC,P,hP,,,
V,A,hA,Je,S,hS,C,hC,P,,,
V,A,hA,Je,S,hS,C,hC,hP,,,
V,A,hA,Je,S,hS,C,P,hP,,,
V,A,hA,Je,S,hS,hC,P,hP,,,
V,A,hA,Je,S,C,hC,P,hP,,,
V,A,hA,Je,hS,C,hC,P,hP,,,
V,A,hA,hJe,S,hS,C,hC,P,,,
V,A,hA,hJe,S,hS,C,hC,hP,,,
V,A,hA,hJe,S,hS,C,P,hP,,,
V,A,hA,hJe,S,hS,hC,P,hP,,,
V,A,hA,hJe,S,C,hC,P,hP,,,
V,A,hA,hJe,hS,C,hC,P,hP,,,
V,A,hA,S,hS,C,hC,P,hP,,,
V,A,Je,hJe,S,hS,C,hC,P,,,
V,A,Je,hJe,S,hS,C,hC,hP,,,
V,A,Je,hJe,S,hS,C,P,hP,,,
V,A,Je,hJe,S,hS,hC,P,hP,,,
V,A,Je,hJe,S,C,hC,P,hP,,,
V,A,Je,hJe,hS,C,hC,P,hP,,,
V,A,Je,S,hS,C,hC,P,hP,,,
V,A,hJe,S,hS,C,hC,P,hP,,,
V,hA,Je,hJe,S,hS,C,hC,P,,,
V,hA,Je,hJe,S,hS,C,hC,hP,,,
V,hA,Je,hJe,S,hS,C,P,hP,,,
V,hA,Je,hJe,S,hS,hC,P,hP,,,
V,hA,Je,hJe,S,C,hC,P,hP,,,
V,hA,Je,hJe,hS,C,hC,P,hP,,,
V,hA,Je,S,hS,C,hC,P,hP,,,
V,hA,hJe,S,hS,C,hC,P,hP,,,
V,Je,hJe,S,hS,C,hC,P,hP,,,
hV,A,hA,Je,hJe,S,hS,C,hC,,,
hV,A,hA,Je,hJe,S,hS,C,P,,,
hV,A,hA,Je,hJe,S,hS,C,hP,,,
hV,A,hA,Je,hJe,S,hS,hC,P,,,
hV,A,hA,Je,hJe,S,hS,hC,hP,,,
hV,A,hA,Je,hJe,S,hS,P,hP,,,
hV,A,hA,Je,hJe,S,C,hC,P,,,
hV,A,hA,Je,hJe,S,C,hC,hP,,,
hV,A,hA,Je,hJe,S,C,P,hP,,,
hV,A,hA,Je,hJe,S,hC,P,hP,,,
hV,A,hA,Je,hJe,hS,C,hC,P,,,
hV,A,hA,Je,hJe,hS,C,hC,hP,,,
hV,A,hA,Je,hJe,hS,C,P,hP,,,
hV,A,hA,Je,hJe,hS,hC,P,hP,,,
hV,A,hA,Je,hJe,C,hC,P,hP,,,
hV,A,hA,Je,S,hS,C,hC,P,,,
hV,A,hA,Je,S,hS,C,hC,hP,,,
hV,A,hA,Je,S,hS,C,P,hP,,,
hV,A,hA,Je,S,hS,hC,P,hP,,,
hV,A,hA,Je,S,C,hC,P,hP,,,
hV,A,hA,Je,hS,C,hC,P,hP,,,
hV,A,hA,hJe,S,hS,C,hC,P,,,
hV,A,hA,hJe,S,hS,C,hC,hP,,,
hV,A,hA,hJe,S,hS,C,P,hP,,,
hV,A,hA,hJe,S,hS,hC,P,hP,,,
hV,A,hA,hJe,S,C,hC,P,hP,,,
hV,A,hA,hJe,hS,C,hC,P,hP,,,
hV,A,hA,S,hS,C,hC,P,hP,,,
hV,A,Je,hJe,S,hS,C,hC,P,,,
hV,A,Je,hJe,S,hS,C,hC,hP,,,
hV,A,Je,hJe,S,hS,C,P,hP,,,
hV,A,Je,hJe,S,hS,hC,P,hP,,,
hV,A,Je,hJe,S,C,hC,P,hP,,,
hV,A,Je,hJe,hS,C,hC,P,hP,,,
hV,A,Je,S,hS,C,hC,P,hP,,,
hV,A,hJe,S,hS,C,hC,P,hP,,,
hV,hA,Je,hJe,S,hS,C,hC,P,,,
hV,hA,Je,hJe,S,hS,C,hC,hP,,,
hV,hA,Je,hJe,S,hS,C,P,hP,,,
hV,hA,Je,hJe,S,hS,hC,P,hP,,,
hV,hA,Je,hJe,S,C,hC,P,hP,,,
hV,hA,Je,hJe,hS,C,hC,P,hP,,,
hV,hA,Je,S,hS,C,hC,P,hP,,,
hV,hA,hJe,S,hS,C,hC,P,hP,,,
hV,Je,hJe,S,hS,C,hC,P,hP,,,
A,hA,Je,hJe,S,hS,C,hC,P,,,
A,hA,Je,hJe,S,hS,C,hC,hP,,,
A,hA,Je,hJe,S,hS,C,P,hP,,,
A,hA,Je,hJe,S,hS,hC,P,hP,,,
A,hA,Je,hJe,S,C,hC,P,hP,,,
A,hA,Je,hJe,hS,C,hC,P,hP,,,
A,hA,Je,S,hS,C,hC,P,hP,,,
A,hA,hJe,S,hS,C,hC,P,hP,,,
A,Je,hJe,S,hS,C,hC,P,hP,,,
hA,Je,hJe,S,hS,C,hC,P,hP,,,
V,hV,A,hA,Je,hJe,S,hS,C,hC,,
V,hV,A,hA,Je,hJe,S,hS,C,P,,
V,hV,A,hA,Je,hJe,S,hS,C,hP,,
V,hV,A,hA,Je,hJe,S,hS,hC,P,,
V,hV,A,hA,Je,hJe,S,hS,hC,hP,,
V,hV,A,hA,Je,hJe,S,hS,P,hP,,
V,hV,A,hA,Je,hJe,S,C,hC,P,,
V,hV,A,hA,Je,hJe,S,C,hC,hP,,
V,hV,A,hA,Je,hJe,S,C,P,hP,,
V,hV,A,hA,Je,hJe,S,hC,P,hP,,
V,hV,A,hA,Je,hJe,hS,C,hC,P,,
V,hV,A,hA,Je,hJe,hS,C,hC,hP,,
V,hV,A,hA,Je,hJe,hS,C,P,hP,,
V,hV,A,hA,Je,hJe,hS,hC,P,hP,,
V,hV,A,hA,Je,hJe,C,hC,P,hP,,
V,hV,A,hA,Je,S,hS,C,hC,P,,
V,hV,A,hA,Je,S,hS,C,hC,hP,,
V,hV,A,hA,Je,S,hS,C,P,hP,,
V,hV,A,hA,Je,S,hS,hC,P,hP,,
V,hV,A,hA,Je,S,C,hC,P,hP,,
V,hV,A,hA,Je,hS,C,hC,P,hP,,
V,hV,A,hA,hJe,S,hS,C,hC,P,,
V,hV,A,hA,hJe,S,hS,C,hC,hP,,
V,hV,A,hA,hJe,S,hS,C,P,hP,,
V,hV,A,hA,hJe,S,hS,hC,P,hP,,
V,hV,A,hA,hJe,S,C,hC,P,hP,,
V,hV,A,hA,hJe,hS,C,hC,P,hP,,
V,hV,A,hA,S,hS,C,hC,P,hP,,
V,hV,A,Je,hJe,S,hS,C,hC,P,,
V,hV,A,Je,hJe,S,hS,C,hC,hP,,
V,hV,A,Je,hJe,S,hS,C,P,hP,,
V,hV,A,Je,hJe,S,hS,hC,P,hP,,
V,hV,A,Je,hJe,S,C,hC,P,hP,,
V,hV,A,Je,hJe,hS,C,hC,P,hP,,
V,hV,A,Je,S,hS,C,hC,P,hP,,
V,hV,A,hJe,S,hS,C,hC,P,hP,,
V,hV,hA,Je,hJe,S,hS,C,hC,P,,
V,hV,hA,Je,hJe,S,hS,C,hC,hP,,
V,hV,hA,Je,hJe,S,hS,C,P,hP,,
V,hV,hA,Je,hJe,S,hS,hC,P,hP,,
V,hV,hA,Je,hJe,S,C,hC,P,hP,,
V,hV,hA,Je,hJe,hS,C,hC,P,hP,,
V,hV,hA,Je,S,hS,C,hC,P,hP,,
V,hV,hA,hJe,S,hS,C,hC,P,hP,,
V,hV,Je,hJe,S,hS,C,hC,P,hP,,
V,A,hA,Je,hJe,S,hS,C,hC,P,,
V,A,hA,Je,hJe,S,hS,C,hC,hP,,
V,A,hA,Je,hJe,S,hS,C,P,hP,,
V,A,hA,Je,hJe,S,hS,hC,P,hP,,
V,A,hA,Je,hJe,S,C,hC,P,hP,,
V,A,hA,Je,hJe,hS,C,hC,P,hP,,
V,A,hA,Je,S,hS,C,hC,P,hP,,
V,A,hA,hJe,S,hS,C,hC,P,hP,,
V,A,Je,hJe,S,hS,C,hC,P,hP,,
V,hA,Je,hJe,S,hS,C,hC,P,hP,,
hV,A,hA,Je,hJe,S,hS,C,hC,P,,
hV,A,hA,Je,hJe,S,hS,C,hC,hP,,
hV,A,hA,Je,hJe,S,hS,C,P,hP,,
hV,A,hA,Je,hJe,S,hS,hC,P,hP,,
hV,A,hA,Je,hJe,S,C,hC,P,hP,,
hV,A,hA,Je,hJe,hS,C,hC,P,hP,,
hV,A,hA,Je,S,hS,C,hC,P,hP,,
hV,A,hA,hJe,S,hS,C,hC,P,hP,,
hV,A,Je,hJe,S,hS,C,hC,P,hP,,
hV,hA,Je,hJe,S,hS,C,hC,P,hP,,
A,hA,Je,hJe,S,hS,C,hC,P,hP,,
V,hV,A,hA,Je,hJe,S,hS,C,hC,P,
V,hV,A,hA,Je,hJe,S,hS,C,hC,hP,
V,hV,A,hA,Je,hJe,S,hS,C,P,hP,
V,hV,A,hA,Je,hJe,S,hS,hC,P,hP,
V,hV,A,hA,Je,hJe,S,C,hC,P,hP,
V,hV,A,hA,Je,hJe,hS,C,hC,P,hP,
V,hV,A,hA,Je,S,hS,C,hC,P,hP,
V,hV,A,hA,hJe,S,hS,C,hC,P,hP,
V,hV,A,Je,hJe,S,hS,C,hC,P,hP,
V,hV,hA,Je,hJe,S,hS,C,hC,P,hP,
V,A,hA,Je,hJe,S,hS,C,hC,P,hP,
hV,A,hA,Je,hJe,S,hS,C,hC,P,hP,
V,hV,A,hA,Je,hJe,S,hS,C,hC,P,hP
